代號,一個月累計漲跌幅,1,2,3,4,5,6,7,8,9,10,11,14,15,16,17,18,19,20,21,22,23,24,25,26,27,28,29,30,31,32,33,34,35,36,37,38,39,40,41,42,43,44,45,46,47,48,49,50,51,52,53,54,55,56,57,58,59,60,61,62,63,64,65,66,67,68,69,70,71,72,73,74,75,76,77,78,79,80,81,82,83,84,85,86,87,88,89,90,91,92,93,94,95,96,97,98,99,100,101,102,103,104,105,106,107,108,109,110,111,112,113,114,115,116,117,118,119,120,121,122,123,124,125,126,127,128,129,130,131,132,133,134,135,136,137,138,139,140,141,142,143,144,145,146,147,148,149,150,151,152,153,154,155,156,157,158,159,160,161,162,163,164,165,166,167,168,169,170,171,172,173,174,175,176,177,178,179,180,181,182,183,184,185,186,187,188,189,190,191,192,193,194,195,196,197,198,199,200,201,202
1201,-11.9,50.6,101.0,50.6,66.9,58.5,178.0,216.0,146.0,11.9,14.7,9.28,20M07,20Q1,8.64,-6.98,-11.3,6.17,16.4,9.18,0.57,-1.65,-1.65,0.12,1.45,1.45,-0.57,-24.0,-24.0,-0.45,-16.1,-16.1,-58.3,-97.7,-97.7,2.0,1,-2,-2,17.2,103.0,28.1,1.13,0.65,0.39,0.05,28.1,1.13,0.65,0.39,0.05,-0.92,-0.31,1.07,-0.13,-1.22,16.2↗,14.8↗,15.8↘,-1167.0,39.7,-4.71,62.7,79.0,31.7,-6.3,-6.3,79.0,31.7,62.7,20.0,20M07,20Q1,43高,7高,6高,連5增,-9.0,-30.0,-40.0,-40,-42,-4.0,-11.0,-8.0,-9,-9,-4.0,-11.0,-8.0,-9,-9,-6,49,15,-31,31,-11.9,-11.6,-5,19.5,-2,20.4,-2,8.94,0,0.0,0,0.0,-0.0007,-0.0007,-0.0012,-0.0016,-0.0021,-0.0098,0.0,0.0,0.0,0.0,0.0,0.0,-0.0007,-0.0007,-0.0012,-0.0016,-0.0021,-0.0097,-340,-351,-598,-805,-1041,-4935,-0.412,-0.22,-0.195,-0.114,-0.135,0,0,0,0,0,0,0.0,0.0,0.0,0.0,0.0,0.0,-0.412,-351,-598,-805,-1040,0.0,14.6,20W32,-0.12,0.01,-0.11,-1,1,0,0.07,-0.2,0.14,-0.02,20M08,-0.12,0.01,-0.11,-1,1,0,335.3,-1000.0,714.0,-78.0,0.0,0.0,20.03↘,20.06↗,20.74↘,21.93↘,21.25↘,23.3↘,0.16,0.18,0.16,0.18,0.33,825,825↗,915↘,1684↘,-0.0065,-0.0077,-0.0404,-0.0927,-0.0635
1466,12.5,11.1,19.0,11.1,32.1,22.4,-20.7,-28.3,-16.7,-16.0,-23.9,-11.8,20M07,20Q1,48.3,-17.4,-36.7,45.2,17.2,1.17,7.46,1.85,1.85,6.01,-0.88,-0.88,10.5,-3.74,-3.74,4.59,-2.11,-2.11,85.7,-158.0,-158.0,,1,1,1,2.13,13.2,9.04,0.06,-1.58,-0.81,-0.11,9.04,0.06,-1.58,-0.81,-0.11,1.55,-0.41,-0.36,0.78,1.14,1.47↗,1.82↘,2.11↘,105.0,7.86,1.75,15.3,6.85,10.8,1.29,1.29,6.85,10.8,15.3,-1.06,20M07,20Q1,60低,4低,4低,連2增,35.0,-38.0,-34.0,-36,-36,10.0,-9.0,-9.0,-9,-9,10.0,-9.0,-9.0,-9,-9,11,-37,-30,9,21,12.5,122.0,2,0.39,1,0.39,-3,0.21,0,0.0,0,0.0,0.0002,0.0004,-0.0023,-0.0007,0.0005,-0.003,0.0,0.0,0.0,0.0,0.0,0.0,0.0002,0.0004,-0.0023,-0.0006,0.0006,-0.0031,26,40,-257,-75,60,-330,0.0046,-0.0105,-0.002,0.0012,-0.0045,0,0,0,0,0,0,0.0,0.0,0.0,0.0,0.0,0.0,0.0046,43,-254,-72,64,0.0,18.2,20W32,0.45,-0.26,0.19,2,0,0,0.31,0.4,1.74,-2.2,20M08,0.45,-0.26,0.19,2,0,0,350.0,447.6,1939.0,-2446.0,0.0,0.0,18.69↘,17.26↗,16.1↗,14.77↗,11.09↗,9.5↗,5.12,7.32,6.91,4.46,2.98,5687,7678↘,4957↗,3422↗,-0.0851,-0.0093,0.0623,0.158,0.542
1470,-5.07,8.58,15.3,8.58,33.7,21.2,30.1,34.7,25.6,30.4,35.4,25.2,20M07,20Q1,36.9,-34.4,-30.2,27.3,-22.9,-37.1,-1.44,-3.39,-3.39,0.62,-2.07,-2.07,1.11,-1.92,-1.92,0.35,-0.47,-0.47,25.0,-20.0,-20.0,1.0,1,1,1,0.35,3.29,24.4,9.98,8.37,1.8,0.2,24.4,9.98,8.37,1.8,0.2,0.36,-0.22,-0.01,0.14,0.14,0.28↘,0.46↘,0.56↘,6.72,2.06,0.31,9.29,2.49,,0.13,0.13,2.49,,9.29,0.7,20M07,20Q1,4低,1低,1低,連2增,8.0,19.0,26.0,24,23,3.0,6.0,7.0,6,6,3.0,6.0,7.0,6,6,29,-29,-22,34,16,-5.07,-6.56,0,0.0,1,1.85,-1,6.58,0,0.0,0,0.0,0.0,0.0,0.0,0.0,-0.0001,-0.0001,0.0,0.0,0.0,0.0,0.0,0.0,0.0,0.0,0.0,0.0,-0.0001,-0.0001,0,1,1,-1,-8,-7,0.0,0.0185,-0.0143,-0.0669,-0.0213,0,0,0,0,0,0,0.0,0.0,0.0,0.0,0.0,0.0,0.0,1,1,-1,-8,69.0,21.0,20W32,0.01,0.49,0.01,0,1,0,0.0,-0.48,0.47,0.0,20M08,0.01,0.49,0.01,0,1,0,0.0,-408.0,404.0,0.0,0.0,0.0,17.89↘,18.13↘,18.6↘,18.88↘,19.32↘,20.44↘,0.0,0.02,0.02,0.01,0.02,0,14.2↘,12↘,18.9↘,-0.005,-0.0179,-0.0433,-0.0574,-0.0789
1568,-7.1,10.3,15.5,10.3,35.6,6.2,20.9,28.2,15.3,20.4,27.0,14.9,20M07,20Q1,16.3,-19.4,-21.9,18.3,22.5,3.87,-8.67,-9.19,-9.19,-9.87,-9.13,-9.13,-5.64,-9.6,-9.6,-1.55,-2.64,-2.64,-767.0,-200.0,-200.0,-3.0,-1,-1,-1,1.54,8.94,5.18,-6.52,-5.05,-1.35,-0.2,5.18,-6.52,-5.05,-1.35,-0.2,0.3,-0.06,-0.33,-0.09,0.24,1.31↗,1.26↗,1.49↘,0.38,4.01,0.3,14.6,9.09,7.99,0.24,0.24,9.09,7.99,14.6,1.79,20M07,20Q1,75高,7高,8高,連3增,-1.0,-1.0,-1.0,-1,-1,-1.0,-1.0,-1.0,-1,-1,-1.0,-1.0,-1.0,-1,-1,-14,9,-16,-16,-15,-7.1,-7.1,0,0.0,1,1.92,-2,3.44,0,0.0,0,0.0,0.0,0.0,0.0,-0.0004,-0.0007,-0.0011,0.0,0.0,0.0,0.0,0.0,0.0,0.0,0.0,-0.0001,-0.0004,-0.0007,-0.0012,0,1,-5,-38,-70,-118,0.0,-0.0407,-0.118,-0.123,-0.0816,0,0,0,0,0,0,0.0,0.0,0.0,0.0,0.0,0.0,-0.0547,0,-6,-39,-70,0.0,18.4,20W32,0.09,0.13,0.11,0,0,0,-0.17,0.14,0.01,0.0,20M08,0.09,0.13,0.11,0,0,0,-176.0,141.0,11.0,4.0,0.0,0.0,15↗,15.06↘,15.26↘,15.66↘,15.29↘,17.82↘,0.02,0.04,0.06,0.06,0.06,18,64.2↘,57.1↘,64.7↘,0.0033,-0.0007,-0.014,-0.0389,-0.0157
1702,-5.08,29.4,124.0,29.4,70.1,47.2,13.1,14.9,11.0,12.8,14.9,10.1,20M07,20Q1,-1.89,-4.28,-10.2,-1.48,8.39,-2.47,-5.45,-2.7,-2.7,-6.27,-3.66,-3.66,-5.24,-2.75,-2.75,-4.49,-1.89,-1.89,-77.7,-61.2,-61.2,-1.0,-1,-1,-1,14.0,92.9,30.8,4.1,2.14,1.27,0.31,30.8,4.1,2.14,1.27,0.31,-0.42,-2.02,1.81,-1.14,-2.44,14.3↗,13↘,14.4↘,4.37,36.2,-1.02,57.2,88.6,66.2,-5.96,-5.96,88.6,66.2,57.2,6.16,20M07,20Q1,39高,3高,4高,連2減,-36.0,-44.0,-40.0,48,-47,-10.0,-11.0,-10.0,11,-12,-10.0,-14.0,-10.0,11,15,-8,-12,7,-8,15,-5.08,-6.04,-1,6.31,1,13.3,-4,10.2,0,0.0,0,0.0,-0.0001,0.0004,0.0001,-0.0002,-0.0014,-0.0037,0.0,0.0,0.0,0.0,0.0,0.0,-0.0001,0.0001,-0.0001,-0.0006,-0.002,-0.0046,-19,104,38,-62,-404,-1084,-0.0631,0.039,-0.0406,-0.135,-0.111,0,0,0,0,0,0,0.0,0.0,0.0,0.0,0.0,0.0,-0.0996,24,-42,-162,-597,0.0,41.9,20W32,-0.25,-0.32,-0.16,0,-1,0,0.03,0.04,-0.16,0.0,20M08,-0.25,-0.32,-0.16,0,-1,0,79.0,127.0,-471.0,0.0,0.0,9.86,41.98↗,41.82↗,42.44↘,44.21↘,44.2↘,47.32↘,0.1,0.11,0.1,0.1,0.15,301,305↗,299↘,451↘,0.0005,0.0043,-0.0104,-0.0501,-0.0499
1734,-28.0,16.8,80.3,16.8,43.1,18.0,215.0,321.0,176.0,190.0,330.0,146.0,20M07,20Q1,12.7,-1.5,4.39,2.52,-3.65,-2.11,-3.37,1.49,1.49,1.37,5.5,5.5,-0.42,1.31,1.31,-0.08,0.19,0.19,-20.0,77.8,77.8,1.0,3,-1,-1,2.0,14.1,39.5,2.05,-1.01,-0.2,0.16,39.5,2.05,-1.01,-0.2,0.16,0.18,-0.47,1.87,1.56,-0.29,1.95↗,2.08↗,2.04↘,14.8,6.25,0.3,31.8,15.0,13.6,-0.49,-0.49,15.0,13.6,31.8,-2.9,20M07,20Q1,37高,3高,2高,,-41.0,-27.0,-19.0,-34,-19,-10.0,-7.0,-6.0,-9,-6,-10.0,-7.0,-6.0,-9,-6,-41,-33,7,7,5,-28.0,133.0,0,0.0,-4,3.12,-4,1.04,0,0.0,0,0.0,0.0,-0.0022,-0.0065,-0.0141,-0.0206,-0.0162,0.0,0.0,0.0,0.0,0.0,0.0,0.0,-0.0022,-0.0065,-0.0163,-0.0243,-0.016,0,-361,-1083,-2362,-3449,-2716,0.0,-0.0483,-0.0409,-0.0455,-0.0186,0,0,0,0,0,0,0.0,0.0,0.0,0.0,0.0,0.0,0.0,-363,-1085,-2730,-4081,-54.0,15.3,20W32,-1.85,-2.04,-0.78,1,-5,-1,0.49,-0.29,-1.19,-0.08,20M08,-1.85,-2.04,-0.78,1,-5,-1,821.7,-491.3,-1996.0,-129.5,0.0,0.0,47.85↗,44.2↗,42.47↘,34.52↗,26.82↗,23.18↗,0.0,4.46,6.88,4.52,3.95,0,11544↘,7575↘,6024↘,0.001,0.0836,0.128,0.388,0.786
1781,-35.2,4.74,16.2,4.74,23.7,15.6,-11.4,-19.2,-7.6,-10.5,-21.5,-6.0,20M07,20Q2,-3.5,91.5,56.0,6.04,39.0,71.2,6.24,14.6,12.3,17.4,30.9,23.4,15.6,28.9,21.9,9.55,13.4,15.6,312.0,177.0,122.0,,2,2,2,0.8,3.97,23.6,8.31,8.03,6.47,0.36,21.5,2.49,2.81,3.33,0.19,0.8,-0.07,-0.04,0.64,0.74,0.76↗,0.58↗,0.47↗,-8.8,2.11,0.38,2.69,4.09,0.63,0.35,-0.26,4.09,0.63,2.69,-0.51,20M07,20Q2,84高,7高,7低,,4.0,13.0,10.0,19,13,1.0,3.0,3.0,5,4,3.0,7.0,6.0,7,7,22,35,-30,21,-30,-35.2,150.0,1,5.27,1,2.06,-2,1.56,0,0.0,0,0.0,0.0012,0.0011,0.001,-0.0006,-0.0057,-0.0137,0.0,0.0,0.0,0.0,0.0,0.0,0.0012,0.0011,0.001,-0.0006,-0.0057,-0.0138,56,53,47,-29,-270,-650,0.0527,0.0127,-0.0034,-0.0234,-0.0325,0,0,0,0,0,0,0.0,0.0,0.0,0.0,0.0,0.0,0.0527,54,48,-28,-269,0.0,13.3,20W32,-1.45,0.02,0.0,-4,0,0,-0.48,-0.99,0.0,0.02,20M08,-1.45,0.02,0.0,-4,0,0,-229.8,-469.2,0.0,11.0,0.0,0.0,37.56↘,35.22↗,34.18↘,28.64↗,19.95↗,14.44↗,2.24,2.6,3.62,2.43,2.16,1062,1715↗,1153↗,1022↗,-0.0921,-0.0318,-0.0024,0.19,0.709
1795,-7.23,24.5,192.0,24.5,54.1,0.7,117.0,159.0,78.9,76.9,109.0,47.7,20M07,20Q1,6.14,49.8,19.9,10.6,33.0,31.1,8.36,-3.54,-3.54,6.92,-5.54,-5.54,2.26,-6.44,-6.44,-0.09,-1.96,-1.96,-6.9,-53.4,-53.4,,1,1,-2,11.2,57.8,45.9,14.9,6.71,1.72,0.54,45.9,14.9,6.71,1.72,0.54,2.83,-1.95,3.43,4.04,0.88,10.1↗,8.4↗,8.52↗,-84.1,19.6,6.89,76.0,37.7,35.7,2.14,2.14,37.7,35.7,76.0,-20.9,20M07,20Q1,2高,1高,1高,連5增,-6.0,3.0,11.0,7,14,-3.0,3.0,3.0,2,3,-3.0,3.0,3.0,2,3,1,-4,3,1,3,-7.23,1.29,-1,11.4,-1,8.5,-2,1.9,0,0.0,0,0.0,-0.0011,-0.001,-0.0011,-0.0011,-0.0004,-0.0027,0.0,0.0,-0.0002,-0.0006,-0.0012,-0.0023,-0.0011,-0.001,-0.0014,-0.0017,-0.0016,-0.0051,-270,-243,-282,-274,-88,-667,-0.114,-0.084,-0.0586,-0.0105,-0.0211,0,0,-50,-150,-289,-570,0.0,0.0,-0.0149,-0.0321,-0.0344,-0.018,-0.115,-244,-333,-425,-384,0.0,62.2,20W32,0.01,-0.32,0.01,-1,-2,-1,-0.07,0.4,0.05,-0.38,20M08,0.01,-0.32,0.01,-1,-2,-1,-180.2,986.0,129.4,-939.0,0.0,1.33,78.84↘,78.58↗,79.99↘,80.85↗,77.95↘,89.8↘,0.96,0.46,0.38,0.34,0.59,2366,934↗,841↗,1373↘,-0.0068,-0.0036,-0.0211,-0.0315,0.0045
1806,-1.64,43.4,23.5,43.4,47.7,27.9,-13.2,-15.7,-11.5,-7.95,-9.6,-6.69,20M07,20Q1,-25.8,-21.6,-20.6,-14.8,-7.07,-13.9,-16.0,-0.66,-0.66,-29.0,1.0,1.0,-33.3,-2.91,-2.91,-3.43,0.16,0.16,-265.0,12.7,12.7,,-3,-3,-3,3.0,21.4,4.87,-34.8,-39.5,-4.67,-0.62,4.87,-34.8,-39.5,-4.67,-0.62,0.23,-0.06,0.22,0.39,0.17,3.52↘,3.22↗,3.48↘,11.5,6.86,1.01,56.7,25.4,10.7,0.73,0.73,25.4,10.7,56.7,2.35,20M07,20Q1,86高,8高,8高,,-1.0,-2.0,-3.0,-6,-5,-1.0,-2.0,-1.0,-3,-2,-1.0,-2.0,-1.0,-3,-2,50,36,26,12,26,-1.64,10.2,-1,11.5,-6,8.91,-2,8.04,0,0.0,0,0.0,-0.0001,-0.0001,-0.0002,-0.0004,-0.0009,-0.0017,0.0,0.0,0.0,0.0,0.0,0.0,-0.0001,-0.0001,-0.0002,-0.0004,-0.0009,-0.0017,-50,-48,-92,-165,-397,-732,-0.115,-0.15,-0.135,-0.184,-0.108,0,0,0,0,0,0,0.0,0.0,0.0,0.0,0.0,0.0,-0.115,-47,-91,-164,-396,0.0,6.16,20W32,0.02,0.24,0.04,-3,1,0,0.02,-0.24,0.0,0.2,20M08,0.02,0.24,0.04,-3,1,0,98.0,-1042.0,-2.0,860.0,0.0,0.01,5.37↗,5.35↗,5.43↘,5.28↗,5.13↘,5.85↘,0.1,0.05,0.06,0.05,0.07,435,244↗,216↘,298↘,0.0071,0.0106,-0.0033,0.0244,0.0542
2313,16.3,119.0,626.0,119.0,47.0,30.1,12.3,18.7,7.57,12.4,18.2,7.32,20M07,20Q2,14.9,6.2,12.0,9.83,14.8,2.49,0.07,4.26,6.24,0.44,2.19,3.88,-0.23,2.55,3.54,0.27,1.34,3.63,7.69,68.0,113.0,1.0,1,-3,1,50.8,306.0,18.9,10.9,7.46,3.82,0.84,18.9,10.7,7.57,7.48,1.62,0.54,-1.35,-0.43,-1.38,-0.81,46.2↗,44.2↗,49.5↗,-7.28,134.0,6.46,258.0,184.0,138.0,-9.64,14.6,184.0,138.0,258.0,32.7,20M07,20Q2,12高,1高,1高,連2增,24.0,25.0,34.0,26,33,5.0,5.0,7.0,6,6,10.0,10.0,7.0,8,8,45,-9,-19,-6,6,16.3,18.6,1,15.6,2,3.04,3,1.89,5,0.4,2,0.23,0.0078,0.0027,0.0023,0.0085,0.0033,0.0152,0.0001,0.0002,0.0006,0.0011,-0.0003,0.0008,0.008,0.0013,0.0014,0.006,0.0025,0.0155,9302,3260,2782,10112,3883,18096,0.156,0.0165,0.0307,0.0089,0.0226,153,270,664,1307,-374,963,0.0026,0.0023,0.0039,0.004,-0.0009,0.0012,0.16,1603,1614,7186,2998,0.0,9.34,20W32,0.04,-0.25,0.16,13,-3,2,0.17,0.11,-0.12,-0.29,20M08,0.04,-0.25,0.16,13,-3,2,2066.0,1359.0,-1485.0,-3483.0,7.14,10.4,52.44↗,50.52↗,48.89↗,46.07↗,41.36↗,41.17↗,5.01,4.73,5.52,3.68,3.05,59739,65836↗,43823↗,36884↗,0.0011,0.0391,0.0739,0.14,0.269
2314,5.09,22.8,54.2,22.8,37.4,30.0,62.2,85.9,42.6,71.3,93.4,47.9,20M07,20Q1,-12.9,-14.3,-34.3,-9.71,2.62,-11.6,2.49,2.32,2.32,-2.86,-1.55,-1.55,-3.4,-2.04,-2.04,-1.46,-0.74,-0.74,-154.0,-800.0,-800.0,-1.0,-1,-1,-1,3.37,23.5,16.7,-1.02,-1.89,-0.65,-0.07,16.7,-1.02,-1.89,-0.65,-0.07,-0.58,-0.12,1.16,0.45,-0.7,3.73↗,3.28↘,3.81↘,40.2,9.03,-1.42,26.0,14.8,3.0,-1.71,-1.71,14.8,3.0,26.0,2.35,20M07,20Q1,4低,1低,1低,連2減,-43.0,-32.0,-29.0,-29,-29,-12.0,-9.0,-9.0,-9,-9,-12.0,-9.0,-9.0,-9,-9,-20,47,11,33,-43,5.09,10.2,3,11.9,1,19.8,-2,3.63,0,0.0,0,0.0,0.0023,0.0035,0.0038,0.0015,0.0025,-0.0023,0.0,0.0,0.0,0.0,0.0,0.0,0.0023,0.0035,0.0038,0.0015,0.0024,-0.0024,518,794,866,349,559,-528,0.252,0.119,0.0124,0.0147,-0.0084,0,0,0,0,0,0,0.0,0.0,0.0,0.0,0.0,0.0,0.25,790,862,345,549,0.0,28.1,20W32,-0.09,0.05,-0.46,-6,0,-1,-0.34,0.2,-0.28,0.79,20M08,-0.09,0.05,-0.46,-6,0,-1,-776.3,457.3,-630.0,1809.0,0.0,2.22,23.91↗,23.32↗,22.71↗,22.33↗,20.56↗,22↘,0.9,1.06,2.46,1.67,1.26,2057,5619↘,3799↘,2942↗,-0.0067,0.0187,0.0457,0.0635,0.155
2323,-1.17,116.0,88.4,116.0,41.7,28.5,-11.4,-17.1,-8.51,-132.0,-214.0,-94.8,20M07,20Q1,18.9,50.9,25.7,14.2,4.23,11.5,13.1,0.02,0.02,10.6,-4.8,-4.8,-52.4,-58.8,-58.8,-7.2,-7.84,-7.84,-1700.0,-759.0,-1033.0,1.0,1,-1,-1,7.66,53.6,17.7,-2.93,-48.9,-6.93,-1.12,17.7,-2.93,-48.9,-6.93,-1.12,0.09,0.28,-0.06,0.27,0.37,6.7↗,7.35↘,6.87↗,94.0,26.7,1.03,182.0,48.0,15.2,4.32,4.32,48.0,15.2,182.0,-23.8,20M07,20Q1,33低,4低,4低,連2增,32.0,-42.0,-4.0,-2,-2,8.0,-11.0,-1.0,-1,-1,10.0,-11.0,-1.0,-1,-1,-21,8,49,27,48,-1.17,-3.42,-1,12.5,-1,0.95,3,5.57,0,0.0,0,0.0,-0.0015,-0.0003,0.0,0.0017,0.0066,0.0068,0.0,0.0,0.0,0.0,0.0,0.0,-0.0018,-0.0001,0.0002,0.0017,0.0071,0.0065,-1764,-387,-22,1921,7649,7851,-0.125,-0.0005,0.0335,0.0693,0.0409,0,0,0,0,-2,-5,0.0,0.0,0.0,0.0,0.0,0.0,-0.149,-120,262,2027,8249,0.0,9.37,20W32,-0.09,-0.12,0.21,-4,-6,0,0.03,0.0,-0.18,-0.15,20M08,-0.09,-0.12,0.21,-4,-6,0,380.4,-40.79,-2108.0,-1714.0,0.0,0.06,7.69↘,7.61↗,7.56↘,7.55↘,7.56↘,8.48↗,1.22,1.31,0.99,0.95,0.75,14094,11472↘,11033↗,8749↗,-0.0078,0.0022,0.0098,0.0112,0.0093
2327,4.05,49.4,1903.0,49.4,32.9,26.8,11.9,21.5,6.69,11.3,20.1,6.45,20M07,20Q1,54.4,107.0,25.2,31.1,54.7,77.3,6.79,-4.54,-4.54,8.73,-0.5,-0.5,14.5,0.98,0.98,3.39,1.14,1.14,162.0,-8.77,-8.77,-1.0,2,1,1,70.1,305.0,40.3,25.6,23.4,5.33,5.51,40.3,25.6,23.4,5.33,5.51,7.03,2.01,14.31,23.2,9.04,53.5↗,45.3↗,39.5↗,10.8,100.0,30.0,419.0,538.0,79.6,38.6,38.6,538.0,79.6,419.0,154.0,20M07,20Q1,5高,2高,2高,連5增,10.0,21.0,31.0,7,13,3.0,6.0,9.0,3,2,3.0,6.0,9.0,3,2,9,13,4,3,6,4.05,-5.05,-4,12.4,-3,4.27,-2,4.4,2,0.04,5,0.51,-0.0003,-0.0046,-0.0078,-0.0102,-0.0143,-0.0039,0.0,0.0,0.0,0.0001,0.0006,0.0028,-0.0002,-0.0049,-0.0088,-0.0092,-0.0115,0.0011,-150,-2268,-3861,-5051,-7046,-1938,-0.0241,-0.104,-0.0767,-0.063,-0.0071,2,6,-14,71,287,1387,0.0003,0.0004,-0.0004,0.0011,0.0026,0.0051,-0.018,-2428,-4369,-4534,-5684,0.0,7.96,20W32,0.72,0.7,0.81,4,3,4,-0.06,0.07,-0.63,0.53,20M08,0.72,0.7,0.81,4,3,4,-286.9,367.7,-3118.0,2612.0,0.14,9.94,389.8↘,388.3↗,386.8↗,385.8↘,375.3↘,347.5↗,1.26,2.52,2.67,2.26,2.51,6241,13166↘,11177↘,12532↘,-0.011,-0.0072,-0.0033,-0.0008,0.0271
2328,-0.82,51.8,94.3,51.8,49.2,26.8,13.0,17.4,10.1,11.3,14.1,8.8,20M07,20Q1,13.7,-26.8,-21.6,7.77,9.07,-4.61,-3.1,-1.15,-1.15,-3.18,-0.77,-0.77,-1.09,-1.9,-1.9,-0.57,-0.83,-0.83,-55.6,-81.8,-81.8,-1.0,-2,-2,-2,17.9,114.0,4.26,-0.29,0.19,0.07,0.04,4.26,-0.29,0.19,0.07,0.04,0.14,-0.23,0.28,-0.02,-0.09,16.6↗,16.4↗,18.7↘,131.0,47.1,0.66,121.0,75.0,,-0.4,-0.4,75.0,,121.0,32.5,20M07,20Q1,39高,4高,4高,2減→增,-6.0,-18.0,-11.0,-23,-12,-2.0,-7.0,-5.0,-9,-5,-2.0,-7.0,-5.0,-9,-5,-46,-39,29,-43,3,-0.82,-4.21,-1,6.58,-1,0.31,1,0.54,0,0.0,0,0.0,-0.0002,0.0,-0.0001,0.0009,0.0004,-0.0022,0.0,0.0,0.0,0.0,0.0,0.0,-0.0001,0.0001,0.0,0.001,0.0004,-0.0025,-89,-7,-46,481,227,-1144,-0.0658,-0.0159,0.0528,0.0157,-0.0338,0,0,0,0,0,0,0.0,0.0,0.0,0.0,0.0,0.0,-0.0281,49,6,533,187,-2903.0,3.92,20W32,-0.04,0.02,-0.25,1,1,-1,0.05,-0.1,-0.37,0.64,20M08,-0.04,0.02,-0.25,1,1,-1,239.0,-508.0,-1902.0,3297.0,0.0,0.08,18.27↗,18.08↗,18.14↘,18.24↘,18.33↘,20.91↘,0.26,0.19,0.35,0.28,0.3,1352,1822↗,1448↘,1522↘,-0.0038,0.0069,0.0034,-0.0023,-0.007
2342,1.51,15.6,47.3,15.6,33.6,24.9,-20.0,-35.0,-12.9,-57.3,-89.7,-38.1,20M07,20Q1,-7.22,74.8,48.8,-2.29,8.5,19.9,-0.87,9.14,9.14,-0.5,10.7,10.7,8.23,-19.3,-19.3,1.23,-4.44,-4.44,22.5,-283.0,-283.0,-1.0,-1,2,2,1.71,10.9,15.8,2.87,-26.9,-5.65,-0.69,15.8,2.87,-26.9,-5.65,-0.69,0.13,-0.06,-0.03,0.04,0.07,1.75↗,1.58↗,1.43↗,111.0,3.97,0.19,18.3,3.63,,0.11,0.11,3.63,,18.3,-2.71,20M07,20Q1,97低,8低,7低,4增→減,37.0,35.0,-42.0,-24,-31,9.0,7.0,-11.0,-4,-7,9.0,7.0,-11.0,-4,-7,41,-48,32,44,-29,1.51,3.24,-3,14.0,-3,4.52,-1,6.88,0,0.0,0,0.0,-0.0024,-0.0036,-0.0085,-0.011,-0.0169,-0.0078,0.0,0.0,0.0,0.0,-0.0015,0.0,-0.0024,-0.0036,-0.0086,-0.011,-0.0184,-0.0079,-380,-559,-1335,-1711,-2634,-1214,-0.106,-0.14,-0.0718,-0.0445,-0.0054,0,0,0,0,-230,0,0.0,0.0,0.0,0.0,-0.0039,0.0,-0.107,-563,-1339,-1715,-2875,24550.0,31.3,20W32,-0.57,-0.39,-0.01,3,0,0,0.4,-0.58,-0.38,0.0,20M08,-0.57,-0.39,-0.01,3,0,0,629.2,-903.3,-594.0,0.0,0.0,0.56,30.89↘,31.04↗,31.14↘,30.15↗,27.02↗,23.26↗,2.29,2.04,3.05,3.79,6.57,3572,4767↘,5916↘,10356↘,-0.0207,-0.0255,-0.0284,0.0033,0.12
2363,5.33,55.4,71.2,55.4,33.0,23.0,-27.3,-36.5,-20.4,-22.9,-31.5,-15.9,20M07,20Q1,43.5,-48.2,-39.2,9.83,-7.81,-9.67,-2.12,-4.61,-4.61,-98.4,-188.0,-188.0,-155.0,-280.0,-280.0,-0.13,-0.29,-0.29,-14.3,-41.2,-41.2,1.0,-4,-2,-2,0.12,0.89,34.9,-322.0,-425.0,-1.71,-0.24,34.9,-322.0,-425.0,-1.71,-0.24,-0.21,-0.02,0.0,-0.23,-0.22,0.11↘,0.14↗,0.14↘,8.36,0.29,-1.05,66.3,0.77,,-1.14,-1.14,0.77,,66.3,-1.34,20M07,20Q1,17低,2低,1低,2減→增,38.0,-2.0,-4.0,-20,-20,10.0,-1.0,-1.0,-4,-5,10.0,-1.0,-1.0,-4,-5,-23,40,-34,-37,-3,5.33,10.8,-1,20.5,-1,7.12,3,1.18,0,0.0,0,0.0,-0.0066,-0.0031,-0.0045,0.0024,0.0018,-0.0113,0.0,0.0,0.0,0.0,0.0,0.0,-0.0066,-0.0031,-0.0045,0.0024,0.0017,-0.0114,-3633,-1718,-2501,1331,997,-6260,-0.205,-0.0668,0.0209,0.0083,-0.0184,0,0,0,0,0,0,0.0,0.0,0.0,0.0,0.0,0.0,-0.205,-1733,-2516,1316,955,0.0,22.5,20W32,0.61,0.93,0.75,-5,3,2,-0.1,-0.22,0.04,0.14,20M08,0.61,0.93,0.75,-5,3,2,-532.4,-1243.0,227.9,770.4,0.0,0.04,12.74↗,12.62↗,12.26↗,12.38↗,10.6↗,9.37↗,3.2,2.25,2.3,2.17,2.79,17733,12737↗,12011↘,15922↗,0.0086,0.0178,0.048,0.0378,0.212
2368,29.4,54.6,240.0,54.6,38.9,22.4,121.0,177.0,78.8,327.0,504.0,202.0,20M07,20Q1,10.4,40.1,33.4,3.28,6.6,15.0,0.4,13.5,13.5,-1.72,14.3,14.3,2.14,12.9,12.9,0.77,8.52,8.52,23.3,285.0,285.0,,-1,4,4,21.5,135.0,20.5,9.93,7.91,5.42,0.74,20.5,9.93,7.91,5.42,0.74,0.18,-0.22,-0.11,-0.06,-0.05,20.8↘,20.1↗,18.7↗,3.85,50.5,0.95,75.5,113.0,21.0,-0.26,-0.26,113.0,21.0,75.5,10.2,20M07,20Q1,2高,1高,1高,2減→增,20.0,22.0,24.0,12,11,4.0,4.0,5.0,2,2,4.0,4.0,5.0,2,2,-30,19,-41,-39,12,29.4,27.1,1,1.45,-3,3.34,-1,4.79,3,1.84,1,2.04,0.0012,-0.0075,-0.0009,-0.0123,-0.0615,0.0449,0.0005,0.0051,0.0058,0.0036,-0.011,0.0061,0.0026,-0.0018,0.0058,-0.0039,-0.0676,0.0562,672,-4126,-491,-6727,-33621,24549,0.0145,-0.0028,-0.024,-0.0705,0.0164,300,2783,3192,1948,-6029,3341,0.0065,0.0204,0.0184,0.007,-0.0126,0.0022,0.0301,-986,3181,-2116,-36958,0.0,26.0,20W32,-2.8,-3.1,-2.85,12,-4,-2,0.58,-0.28,0.1,-0.35,20M08,-2.8,-3.1,-2.85,12,-4,-2,3174.0,-1543.0,536.2,-1913.0,0.0,12.6,42.73↗,41.68↗,41.04↗,36.38↗,29.93↗,22.46↗,8.49,10.6,10.3,8.73,12.5,46416,56055↗,47689↘,66300↘,0.0262,0.0519,0.0684,0.205,0.465
2390,-18.5,21.4,39.2,21.4,40.3,21.2,-39.0,-56.3,-28.6,-14.9,-24.1,-10.6,20M07,20Q1,-0.56,-23.8,-16.8,-3.18,-4.34,-10.4,2.97,-3.65,-3.65,2.8,-7.15,-7.15,102.0,79.7,79.7,6.72,5.28,5.28,228.0,331.0,331.0,,1,1,1,0.42,3.08,16.9,-24.1,59.5,3.74,0.37,16.9,-24.1,59.5,3.74,0.37,-0.09,0.25,-0.1,0.06,0.16,0.43↘,0.44↘,0.47↘,140.0,1.33,-0.2,21.5,3.51,1.45,0.34,0.34,3.51,1.45,21.5,-0.35,20M07,20Q1,8低,1低,1低,連2減,-22.0,-13.0,3.0,23,19,-5.0,-3.0,2.0,8,7,-5.0,-3.0,2.0,8,7,-25,22,-45,40,38,-18.5,119.0,-3,6.92,-1,6.38,-4,0.59,0,0.0,0,0.0,-0.0024,-0.0058,-0.01,-0.0004,-0.0092,-0.0135,0.0,0.0,0.0,0.0,0.0,0.0,-0.0025,-0.0058,-0.0101,-0.0005,-0.0093,-0.0136,-515,-1237,-2145,-93,-1968,-2879,-0.0491,-0.0692,-0.0012,-0.0152,-0.0084,0,0,0,0,0,0,0.0,0.0,0.0,0.0,0.0,0.0,-0.0502,-1249,-2157,-105,-1989,0.0,29.1,20W32,0.06,1.16,0.71,-6,3,1,0.02,-1.11,0.46,0.0,20M08,0.06,1.16,0.71,-6,3,1,33.0,-2386.0,976.0,0.0,0.0,0.0,19.22↘,18.69↗,18.78↘,15.58↗,11.94↗,11.44↗,4.9,4.83,7.46,6.05,7.27,10489,15971↗,12939↘,14464↘,-0.0479,-0.0209,-0.0254,0.175,0.533
2402,15.0,30.8,48.4,30.8,30.8,20.6,159.0,209.0,123.0,191.0,250.0,142.0,20M07,20Q1,28.6,-21.7,-26.1,20.7,15.2,-3.1,-4.39,1.49,1.49,-4.82,-0.49,-0.49,-4.09,1.05,1.05,-1.08,0.22,0.22,-87.5,400.0,400.0,,-2,-1,-3,4.26,26.1,9.71,0.55,0.75,0.15,0.03,9.71,0.55,0.75,0.15,0.03,0.74,0.03,0.51,1.27,0.77,3.53↗,3.7↗,4.4↘,54.5,11.3,2.09,56.9,25.1,2.52,2.17,2.17,25.1,2.52,56.9,11.6,20M07,20Q1,123高,12高,12高,連2增,-30.0,-24.0,-25.0,-23,-23,-10.0,-10.0,-9.0,-9,-9,-10.0,-10.0,-9.0,-9,-9,30,27,22,15,9,15.0,21.2,-3,17.1,-1,31.1,-1,5.07,0,0.0,0,0.0,-0.001,-0.0063,-0.0077,-0.003,-0.0073,-0.0022,0.0,0.0,0.0,0.0,0.0,0.0,-0.0011,-0.0064,-0.0078,-0.0031,-0.0083,-0.0032,-322,-1945,-2377,-935,-2253,-670,-0.124,-0.171,-0.049,-0.0413,-0.0072,0,0,0,0,0,0,0.0,0.0,0.0,0.0,0.0,0.0,-0.125,-1960,-2392,-952,-2541,15468.0,12.0,20W32,0.61,0.18,1.25,2,-3,2,0.12,0.31,-0.5,-0.57,20M08,0.61,0.18,1.25,2,-3,2,357.0,955.2,-1536.0,-1756.0,0.0,0.17,16↘,15.86↗,15.05↗,13.89↗,13.37↗,15.04↘,0.84,1.5,1.24,1.77,1.38,2599,3813↘,5449↘,4408↗,-0.0156,-0.0069,0.0468,0.134,0.178
2406,6.67,28.6,27.4,28.6,23.4,20.3,-6.68,-9.55,-4.8,-2.63,-3.96,-1.78,20M07,20Q1,1.47,27.3,-3.3,10.3,16.8,18.5,0.96,1.38,1.38,-16.0,-17.6,-17.6,-21.8,-46.4,-46.4,-10.2,-20.9,-20.9,-759.0,-399.0,-399.0,,-1,-2,-2,8.1,48.8,12.1,-17.6,-29.6,-13.4,-2.75,12.1,-17.6,-29.6,-13.4,-2.75,-2.04,-0.3,2.53,0.17,-2.34,7.34↗,6.93↗,6.83↗,36.0,21.0,-4.21,42.7,81.5,20.3,-4.83,-4.83,81.5,20.3,42.7,17.4,20M07,20Q1,56高,5高,7高,連3增,37.0,-16.0,-17.0,-3,-5,10.0,-6.0,-5.0,-1,-1,10.0,-6.0,-5.0,-1,-1,-6,41,21,37,30,6.67,-6.8,-1,6.13,-1,1.52,-1,0.52,0,0.0,0,0.0,-0.0038,-0.0016,-0.0008,-0.0007,0.0028,0.0032,0.0,0.0,0.0,0.0,0.0,0.0,-0.0038,-0.002,-0.0011,-0.001,0.0025,-0.0001,-1095,-465,-221,-187,809,928,-0.0613,-0.0067,-0.0049,0.0161,0.0095,0,0,0,0,0,0,0.0,0.0,0.0,0.0,0.0,0.0,-0.0613,-565,-321,-287,709,4755.0,5.88,20W32,-0.03,0.36,-0.35,-1,2,-1,-0.05,-0.35,0.71,0.0,20M08,-0.03,0.36,-0.35,-1,2,-1,-131.4,-998.1,2029.0,-5.0,0.04,0.5,9.21↗,9.03↗,8.96↗,9.09↘,9.79↘,9.6↗,6.24,3.87,2.65,1.76,1.55,17851,7587↗,5030↗,4463↗,0.0423,0.0629,0.0715,0.056,-0.0192
2425,-2.24,10.2,24.4,10.1,33.7,19.9,23.3,32.2,17.6,30.2,42.9,21.7,20M07,20Q1,11.2,4.6,-24.6,15.0,54.8,37.9,-1.08,0.51,0.51,-4.26,-3.63,-3.63,-0.6,-2.32,-2.32,-0.24,-0.99,-0.99,88.9,-106.0,-106.0,-1.0,-1,-2,-2,4.7,20.0,6.22,-1.19,-0.46,-0.14,-0.01,6.22,-1.19,-0.46,-0.14,-0.01,0.49,-1.87,1.17,-0.28,-1.38,4.09↗,3.04↗,3.41↗,-172.0,5.03,0.39,16.6,5.76,,-1.12,-1.12,5.76,,16.6,-1.53,20M07,20Q1,63高,7高,11低,連3增,-39.0,-20.0,-34.0,-37,-35,-11.0,-6.0,-7.0,-7,-7,-11.0,-6.0,-7.0,-7,-7,40,-6,19,-35,22,-2.24,-5.69,-1,23.5,-1,9.61,1,6.39,0,0.0,0,0.0,-0.0004,-0.0002,0.0006,0.0008,0.0021,0.0016,0.0,0.0,0.0,0.0,0.0,0.0,-0.0004,-0.0002,0.0005,0.0008,0.002,0.0013,-37,-23,57,84,212,165,-0.235,0.106,0.0742,0.0711,0.0118,0,0,0,0,0,0,0.0,0.0,0.0,0.0,0.0,0.0,-0.242,-25,53,80,208,0.0,29.3,20W32,0.24,0.29,0.16,2,0,0,0.52,-0.57,0.13,0.0,20M08,0.24,0.29,0.16,2,0,0,529.3,-580.0,132.0,0.0,0.0,0.0,24.29↘,24.6↘,24.77↘,24.56↘,25.61↘,27.54↘,0.15,0.18,0.22,0.29,0.63,157,226↘,298↘,653↘,-0.0099,-0.0224,-0.0289,-0.0209,-0.0609
2436,-5.84,17.8,51.6,17.8,31.1,19.9,26.0,31.2,20.3,21.1,25.3,16.7,20M07,20Q2,0.91,-1.36,3.92,1.26,6.01,11.1,1.22,0.32,0.89,4.84,1.55,2.07,50.7,15.5,-12.2,10.3,4.14,-4.58,219.0,248.0,-84.1,3.0,2,1,1,2.2,13.6,26.1,7.36,23.2,5.68,0.87,25.6,5.35,2.13,0.85,0.14,-0.3,0.02,0.34,0.02,-0.27,2.17↘,2.07↗,1.98↘,68.1,6.67,-0.53,27.4,12.1,,-0.49,-3.58,12.1,,27.4,5.83,20M07,20Q2,21高,4高,4高,連2增,45.0,45.0,23.0,13,13,13.0,12.0,6.0,5,5,12.0,-12.0,-2.0,-3,-3,-6,36,9,-45,18,-5.84,10.9,3,6.33,1,2.28,-2,1.66,0,0.0,0,0.0,0.0001,0.0005,0.0021,-0.0031,-0.0014,-0.0075,0.0,0.0,0.0,0.0,0.0,0.0,0.0001,0.0007,0.0023,-0.0029,-0.0012,-0.0075,17,91,381,-545,-245,-1337,0.0125,0.0633,-0.0258,-0.0071,-0.0161,0,0,0,0,0,0,0.0,0.0,0.0,0.0,0.0,0.0,0.0147,125,415,-511,-216,-23.0,7.75,20W32,-0.59,-0.34,0.02,-6,-2,0,-0.54,0.29,-0.35,0.0,20M08,-0.59,-0.34,0.02,-6,-2,0,-963.6,516.0,-630.0,0.0,0.0,1.29,30.03↘,29.98↗,29.84↘,28.32↗,25.98↗,26.27↗,0.77,1.13,2.38,1.94,2.12,1362,4232↘,3456↘,3682↘,-0.0343,-0.0327,-0.028,0.0239,0.116
2438,1.15,9.52,7.57,9.52,38.6,19.9,-26.9,-36.0,-19.5,-13.7,-19.1,-10.5,20M07,20Q1,-21.0,-23.1,-4.75,-15.9,-24.6,-24.3,-11.2,-9.65,-9.65,-9.4,-8.97,-8.97,-11.1,78.6,78.6,-1.62,9.89,9.89,-143.0,96.8,96.8,,-2,-1,-1,0.27,2.34,14.4,0.0,-0.08,-0.01,-0.03,14.4,0.0,-0.08,-0.01,-0.03,0.21,-0.01,-0.33,-0.13,0.2,0.32↘,0.35↗,0.35↘,100.0,1.11,0.22,8.0,0.95,0.74,0.2,0.2,0.95,0.74,8.0,0.67,20M07,20Q1,69低,6低,7低,連2減,41.0,-29.0,-37.0,-39,-36,10.0,-7.0,-10.0,-10,-10,11.0,-7.0,-10.0,-10,-10,48,38,-44,-39,23,1.15,31.0,-1,0.89,0,0.0,-1,2.68,0,0.0,0,0.0,0.0,0.0,-0.0001,0.0,-0.0002,-0.0006,0.0,0.0,0.0,0.0,0.0,0.0,0.0,0.0,-0.0001,0.0,-0.0002,-0.0006,-1,0,-5,-3,-15,-53,-0.0089,-0.0143,-0.0058,-0.0224,-0.021,0,0,0,0,0,0,0.0,0.0,0.0,0.0,0.0,0.0,-0.0089,0,-5,-3,-15,0.0,39.4,20W32,0.21,0.0,0.0,1,0,0,0.18,0.03,0.0,0.0,20M08,0.21,0.0,0.0,1,0,0,168.0,33.0,0.0,0.0,0.0,0.0,7.81↗,7.53↗,7.48↘,6.57↗,6.43↗,6.57↗,0.12,0.12,0.11,0.07,0.12,112,104↗,69.2↗,79.6↘,0.0179,0.0559,0.0622,0.21,0.236
2453,-0.58,10.0,17.2,10.0,45.1,19.2,16.6,20.6,12.8,15.9,20.1,11.5,20M07,20Q1,-3.71,4.34,-4.26,-0.58,6.46,-10.4,4.62,-2.04,-2.04,0.74,0.51,0.51,0.05,-1.0,-1.0,-1.2,-0.46,-0.46,-41.9,-21.9,-21.9,1.0,1,3,-1,4.32,27.8,24.3,2.64,2.17,1.24,0.25,24.3,2.64,2.17,1.24,0.25,-0.4,0.19,-2.28,-2.49,-0.22,4.35↘,4.06↗,4.82↗,20.3,10.4,-0.39,18.3,15.6,,-0.21,-0.21,15.6,,18.3,-2.18,20M07,20Q1,36高,2高,2高,,20.0,18.0,26.0,23,31,8.0,2.0,3.0,3,3,8.0,2.0,3.0,3,3,-31,21,-5,-1,25,-0.58,3.92,-1,12.5,-1,4.75,1,8.67,0,0.0,0,0.0,-0.0006,-0.0004,0.0009,0.002,0.0046,-0.0064,0.0,0.0,0.0,0.0,0.0,-0.0001,-0.0006,-0.0004,0.0009,0.002,0.0045,-0.0067,-57,-38,88,202,460,-642,-0.125,0.0453,0.073,0.101,-0.0185,0,0,0,0,0,-7,0.0,0.0,0.0,0.0,0.0,-0.0002,-0.125,-38,88,197,453,0.0,21.9,20W32,0.23,0.03,0.0,1,0,0,-0.03,0.22,0.03,0.0,20M08,0.23,0.03,0.0,1,0,0,-27.0,220.0,33.0,0.0,0.0,0.0,17.48↘,17.36↗,17.6↘,17.49↗,16.43↗,16.62↘,0.46,0.65,0.55,0.46,1.57,457,553↗,455↘,1615↘,-0.0132,-0.0063,-0.0199,-0.0138,0.0497
2482,-5.56,6.21,6.86,6.21,36.9,18.9,-473.0,-598.0,-410.0,-51.5,-65.0,-44.7,20M07,20Q2,-6.31,-22.2,-9.01,-4.36,-11.7,-19.8,-13.4,-8.0,0.36,-18.7,-15.5,0.05,-10.6,-11.6,-0.59,-3.21,-3.77,-0.49,-154.0,-145.0,-29.4,,-1,-1,-1,0.62,5.22,33.0,-9.42,-4.28,-1.14,-0.14,40.4,0.88,1.58,0.94,0.12,0.32,-0.49,-0.45,-0.65,-0.16,0.65↘,0.71↘,0.78↘,-117.0,2.06,0.2,7.71,3.07,0.64,-0.1,-0.58,3.07,0.64,7.71,0.27,20M07,20Q2,106低,9低,7高,連6減,-34.0,-4.0,-14.0,-13,-14,-11.0,-2.0,-3.0,-3,-3,5.0,-6.0,-7.0,-6,-7,44,-21,-17,-7,-36,-5.56,6.76,-3,1.88,-1,2.2,1,2.19,0,0.0,0,0.0,-0.0001,-0.0002,-0.0002,0.0009,0.0013,0.0009,0.0,0.0,0.0,0.0,0.0,0.0,-0.0002,-0.0002,-0.0002,0.0008,0.0011,0.0006,-9,-13,-14,54,79,56,-0.0639,-0.0188,0.0245,0.0304,0.0084,0,0,0,0,0,0,0.0,0.0,0.0,0.0,0.0,0.0,-0.071,-14,-15,52,66,-5294.0,23.5,20W32,-0.27,-0.15,-2.51,0,1,-1,-0.8,0.68,0.89,1.47,20M08,-0.27,-0.15,-2.51,0,1,-1,-499.0,424.0,554.0,910.0,0.0,0.0,11.35↘,11.32→,11.4↘,11.43↘,11.11↘,11.73↗,0.23,0.4,0.71,0.42,0.49,141,440↗,260↘,300↘,-0.0264,-0.0239,-0.0311,-0.0331,-0.0051
2496,-5.11,1.75,11.0,1.75,29.2,18.4,21.5,36.6,12.4,13.0,18.8,8.76,20M07,20Q1,5.42,-22.4,-7.13,-3.17,-2.75,-6.26,-0.44,0.79,0.79,-1.24,-2.39,-2.39,-0.38,-2.98,-2.98,-0.38,-0.94,-0.94,-14.6,-34.4,-34.4,-2.0,-2,-2,-2,0.66,4.77,44.5,8.62,7.17,1.79,0.82,44.5,8.62,7.17,1.79,0.82,-2.76,-0.07,-0.79,-3.61,-2.84,0.68↘,0.68↘,0.7↘,-1.35,2.0,-0.48,8.1,4.32,0.21,-0.49,-0.49,4.32,0.21,8.1,1.45,20M07,20Q1,44高,4高,4高,,11.0,18.0,21.0,16,22,3.0,6.0,6.0,5,7,3.0,6.0,6.0,5,7,-8,-37,-17,-9,24,-5.11,1.12,-35,41.2,-41,31.3,-19,24.7,0,0.0,0,0.0,-0.0011,-0.0025,-0.0033,-0.0046,-0.0145,-0.0337,0.0,0.0,0.0,0.0,0.0,0.0,-0.0011,-0.0025,-0.0034,-0.0048,-0.0145,-0.0338,-19,-43,-57,-80,-252,-589,-0.339,-0.441,-0.309,-0.451,-0.351,0,0,0,0,0,0,0.0,0.0,0.0,0.0,0.0,0.0,-0.339,-44,-60,-83,-252,0.0,19.8,20W32,0.47,1.97,-0.33,1,1,0,0.85,-2.34,2.29,0.0,20M08,0.47,1.97,-0.33,1,1,0,148.0,-409.1,400.1,0.0,0.0,0.0,62.1↗,62.77↘,64.02↘,67.63↗,64.63↘,66.4↘,0.32,0.25,0.3,0.32,0.44,56,51.7↗,55.9↘,76.1↘,0.0177,0.0069,-0.0128,-0.0655,-0.0221
2497,-4.93,11.9,19.5,11.9,37.1,18.5,-151.0,-200.0,-116.0,-22.5,-30.4,-14.8,20M07,20Q2,31.9,-45.2,-40.9,15.7,15.9,-12.0,-0.69,-7.15,-8.05,-12.5,-29.0,-21.6,-17.3,-26.2,-16.4,-2.71,-5.49,-8.73,-130.0,-582.0,-368.0,,-2,-2,-2,1.21,7.92,16.0,-24.7,-23.9,-4.61,-0.53,16.4,-17.1,-13.4,-6.44,-0.75,-0.1,-0.14,1.13,0.99,-0.25,1.05↗,1.05↘,1.38↘,21.4,2.62,-0.12,13.3,10.6,2.65,-0.29,-0.18,10.6,2.65,13.3,-0.81,20M07,20Q2,99高,9低,9高,,-8.0,-7.0,-7.0,-5,-6,-3.0,-2.0,-2.0,-1,-2,-3.0,-3.0,-2.0,-2,-2,-21,32,6,8,6,-4.93,6.49,-1,21.1,-3,6.33,-2,2.77,0,0.0,0,0.0,-0.0001,-0.0001,-0.0001,-0.0001,-0.0001,-0.0007,0.0,0.0,0.0,0.0,0.0,0.0,-0.0001,-0.0001,-0.0001,-0.0001,-0.0001,-0.0008,-8,-8,-15,-12,-16,-87,-0.211,-0.146,-0.0557,-0.0335,-0.0682,0,0,0,0,0,0,0.0,0.0,0.0,0.0,0.0,0.0,-0.211,-8,-15,-12,-16,0.0,24.7,20W32,-0.1,0.03,0.02,-2,0,0,-0.34,0.22,0.01,0.0,20M08,-0.1,0.03,0.02,-2,0,0,-409.0,256.0,10.0,0.0,0.0,0.0,16.35↗,16.26↗,16.34↘,16.48↘,16.32↘,19.97↘,0.03,0.03,0.04,0.04,0.05,38,43.1→,47.7↘,56.3↘,0.0031,0.0086,0.0036,-0.0048,0.0048
2543,-0.93,24.2,15.4,24.2,39.5,20.8,-38.1,-42.3,-33.8,-11.0,-12.1,-10.1,20M07,20Q1,-2.72,10.4,10.5,-2.12,3.98,2.16,-5.01,-4.95,-4.95,-0.4,0.83,0.83,-1.03,0.63,0.63,-0.93,0.35,0.35,-80.0,0.0,0.0,,-1,-1,-1,5.12,33.1,-1.08,1.22,0.4,0.23,0.02,-1.08,1.22,0.4,0.23,0.02,-0.09,-0.34,0.29,-0.14,-0.43,5.23↗,4.92↗,5.01↗,-204.0,12.4,-0.21,21.3,43.9,5.17,-1.0,-1.0,43.9,5.17,21.3,-2.84,20M07,20Q1,41高,4高,4高,連2減,-9.0,-32.0,-29.0,-24,-27,-1.0,-4.0,-5.0,-4,-5,-1.0,-4.0,-5.0,-4,-5,-44,-37,35,-22,-34,-0.93,-2.74,0,0.0,1,1.64,-1,16.1,0,0.0,0,0.0,0.0,0.0,-0.0001,-0.0001,-0.0004,-0.0003,0.0,0.0,0.0,0.0,0.0,0.0,0.0,0.0,0.0,-0.0001,-0.0004,-0.0003,0,2,-13,-35,-91,-72,0.0,-0.0786,-0.131,-0.152,-0.0562,0,0,0,0,0,0,0.0,0.0,0.0,0.0,0.0,0.0,0.0123,3,-12,-34,-90,129.3,49.5,20W32,-0.04,-0.19,0.01,-1,-1,0,-0.12,0.27,-0.19,0.0,20M08,-0.04,-0.19,0.01,-1,-1,0,-287.9,642.0,-470.0,0.0,0.0,0.0,6.34↘,6.36↗,6.42↘,6.5↘,6.68↘,7.03↘,0.03,0.02,0.02,0.02,0.03,81,53.6↗,59.7↗,64.6↗,0.0069,0.0039,-0.0062,-0.0179,-0.045
2601,1.53,63.1,62.8,63.1,56.8,54.8,-13.4,-16.7,-10.7,9.73,11.9,7.58,20M07,20Q1,40.6,22.5,-28.8,17.7,49.7,13.5,-10.1,-9.77,-9.77,-17.3,-16.0,-16.0,-38.4,-34.1,-34.1,-4.77,-3.96,-3.96,-212.0,-264.0,-264.0,2.0,-1,-1,-1,6.41,32.6,57.0,3.74,-23.5,-2.2,-0.36,57.0,3.74,-23.5,-2.2,-0.36,-1.77,-0.05,-0.35,-2.22,-1.83,5.45↗,4.28↘,5.65↗,117.0,12.1,-11.2,127.0,100.0,46.9,-11.6,-11.6,100.0,46.9,127.0,28.9,20M07,20Q1,45高,1高,7低,,-37.0,-20.0,-9.0,-12,-10,-9.0,-5.0,-2.0,-3,-2,-9.0,-5.0,-2.0,-3,-2,-4,28,-19,-8,-35,1.53,-0.5,6,17.5,2,15.0,1,15.0,0,0.0,0,0.0,0.0006,0.0023,0.0024,0.0034,0.0036,0.001,0.0,0.0,0.0,0.0,0.0,-0.0001,0.0006,0.0023,0.0024,0.0034,0.0036,0.0009,401,1432,1509,2130,2276,651,0.0616,0.148,0.173,0.14,0.0174,0,0,0,0,0,-55,0.0,0.0,0.0,0.0,0.0,-0.0015,0.0604,1424,1501,2122,2244,21400.0,13.9,20W32,0.06,0.05,-0.1,-3,0,-1,-0.07,0.07,-0.02,0.18,20M08,0.06,0.05,-0.1,-3,0,-1,-442.2,446.1,-154.8,1146.0,0.0,0.23,9.79↗,9.62↗,9.68↗,9.76↘,9.45↗,10.46↘,1.03,0.54,0.39,0.26,0.27,6512,2463↗,1620↗,1700↗,0.0166,0.0345,0.0283,0.0192,0.0533
2633,-9.04,563.0,1812.0,563.0,22.3,3.8,11.5,14.1,9.32,22.9,28.2,18.1,20M07,20Q2,8.43,-14.2,-25.3,13.0,25.5,-0.37,-17.5,-29.7,-20.3,-18.4,-30.9,-21.0,-6.01,-10.7,-8.82,-0.94,-2.17,-3.91,-60.0,-76.5,-62.7,3.0,-5,-5,-3,33.6,206.0,16.7,13.0,5.75,0.63,0.08,26.5,23.3,9.11,2.29,0.28,-1.39,2.1,0.0,0.72,0.71,29.8↗,26.8↘,33.8↘,-244.0,76.1,-75.9,658.0,282.0,2656.0,39.0,-33.4,282.0,2656.0,658.0,158.0,20M07,20Q2,46高,5高,8高,連3增,-1.0,-1.0,-5.0,-5,-4,-1.0,-1.0,-2.0,-2,-2,-4.0,10.0,8.0,6,8,-2,5,6,7,8,-9.04,-3.59,-1,39.4,-6,12.2,-2,10.0,2,0.21,2,0.07,-0.0004,-0.0004,-0.0006,-0.0005,-0.0023,-0.0036,0.0,0.0,0.0,0.0,0.0,-0.0001,-0.0004,-0.0004,-0.0007,-0.0006,-0.0026,-0.0041,-2399,-2247,-3585,-2981,-12789,-20316,-0.394,-0.166,-0.0811,-0.184,-0.148,13,21,21,31,33,-416,0.0021,0.0021,0.001,0.0008,0.0005,-0.003,-0.386,-2307,-4047,-3489,-14609,0.0,61.3,20W32,-0.17,-0.17,-0.16,7,1,2,0.04,-0.05,0.0,-0.01,20M08,-0.17,-0.17,-0.16,7,1,2,2383.0,-2535.0,193.6,-657.0,45.1,8.54,32.71↘,33↘,33.89↘,35.86↘,34.03↘,35.46↘,0.11,0.13,0.13,0.12,0.11,6085,7347↗,6945↘,6116↘,-0.0156,-0.0242,-0.0498,-0.102,-0.0537
2901,-7.36,7.3,17.5,7.3,49.3,44.3,54.5,60.4,50.6,53.6,58.9,49.5,20M07,20Q1,3.15,-20.8,-19.0,2.83,3.03,-15.8,-1.79,-0.31,-0.31,-19.3,-6.15,-6.15,-13.5,-3.49,-3.49,-0.87,-0.2,-0.2,-58.8,-22.2,-22.2,1.0,-1,-1,-1,0.09,0.62,87.7,14.0,17.1,0.55,0.07,87.7,14.0,17.1,0.55,0.07,0.0,0.01,-0.01,0.0,0.01,0.08↗,0.08↘,0.1↘,34.4,0.28,0.0,8.79,0.4,,0.01,0.01,0.4,,8.79,0.5,20M07,20Q1,6低,1低,1低,連4增,13.0,29.0,26.0,-33,-34,3.0,9.0,7.0,-6,-7,3.0,9.0,7.0,-9,-10,-17,15,-39,-37,2,-7.36,3.91,0,0.0,1,3.08,-2,1.16,0,0.0,0,0.0,0.0,0.0,0.0,-0.0001,-0.0002,-0.0003,0.0,0.0,0.0,0.0,0.0,0.0,0.0,0.0,0.0,-0.0001,-0.0001,-0.0004,0,2,-3,-6,-11,-21,0.0,-0.0297,-0.0434,-0.0423,-0.0198,0,0,0,0,0,0,0.0,0.0,0.0,0.0,0.0,0.0,0.0244,3,-2,-5,-10,0.0,48.8,20W32,0.02,0.08,0.0,0,0,0,0.0,-0.06,-0.01,0.09,20M08,0.02,0.08,0.0,0,0,0,-2.0,-44.0,-8.0,66.0,43.2,0.0,24.01↘,23.93↗,24.63↘,24.14↗,23.41↗,23.38↗,0.06,0.05,0.04,0.04,0.07,41,32↘,32.6↘,50.8↘,-0.0046,-0.0013,-0.0298,-0.0099,0.021
3004,-5.04,5.26,27.8,5.26,22.8,18.5,12.9,16.2,9.73,13.2,17.1,9.16,20M07,20Q2,-15.1,-56.5,-27.9,-6.95,-28.8,-43.9,-10.0,-11.5,-4.98,-11.1,-15.0,-7.78,-7.65,-9.2,-4.05,-3.15,-4.4,-5.05,-80.7,-84.6,-47.5,3.0,-3,-1,-3,1.11,11.6,19.0,2.18,3.65,0.77,0.27,25.2,9.09,8.43,4.66,1.68,3.01,-0.73,-1.38,0.84,2.28,1.19↘,1.56↘,1.97↘,-212.0,3.92,1.6,18.7,7.07,20.8,1.21,1.49,7.07,20.8,18.7,0.66,20M07,20Q2,94高,8高,3高,,-8.0,-18.0,-27.0,-34,-27,-2.0,-5.0,-8.0,-10,-8,-6.0,-9.0,-10.0,8,-10,3,38,-10,16,-38,-5.04,-4.52,10,15.8,2,13.7,2,2.97,0,0.0,0,0.0,0.0002,0.0003,0.0004,0.0019,0.0046,0.0034,0.0,0.0,0.0,0.0,0.0,-0.0031,0.0002,0.0003,0.0004,0.002,0.0044,0.0005,13,16,22,98,242,178,0.0436,0.0467,0.113,0.158,0.0446,0,0,0,0,0,-165,0.0,0.0,0.0,0.0,0.0,-0.0413,0.0403,15,21,106,231,0.0,47.1,20W32,0.17,-0.86,0.0,0,-1,0,0.08,0.96,-0.86,0.0,20M08,0.17,-0.86,0.0,0,-1,0,42.0,503.0,-455.0,0.0,7.17,0.4,52.5→,52.44↗,53.88↘,56.62↘,58.81↘,76.48↘,0.57,0.3,0.33,0.29,0.34,298,173↗,153↘,182↗,0.0057,0.0069,-0.02,-0.0675,-0.102
3011,-8.14,11.3,6.23,11.3,37.6,18.1,-12.6,-16.2,-10.3,-10.7,-13.7,-8.25,20M07,20Q2,-19.2,-9.2,-1.54,-11.4,-4.87,-3.95,8.46,1.04,-0.38,13.3,4.83,1.56,7.55,3.54,2.96,1.88,0.96,1.47,94.7,90.9,45.9,,1,2,2,1.07,7.59,13.7,-0.46,-0.43,-0.16,-0.01,10.3,-5.85,-3.49,-2.22,-0.2,-0.28,0.13,0.0,-0.15,-0.14,1.21↘,1.13↗,1.12↘,200.0,3.87,-0.45,10.0,6.05,,-0.24,-0.11,6.05,,10.0,0.15,20M07,20Q2,93高,9高,8高,,41.0,-40.0,-37.0,-40,-38,10.0,-10.0,11.0,10,11,-10.0,-7.0,-9.0,-9,-8,-14,20,-34,-33,-13,-8.14,2.6,-1,0.38,1,1.27,1,0.34,0,0.0,0,0.0,0.0,0.0001,0.0001,0.0002,0.0,-0.0001,0.0,0.0,0.0,0.0,0.0,0.0,0.0,0.0001,0.0001,0.0002,0.0,-0.0001,-1,13,8,25,3,-6,-0.0038,0.007,0.0174,0.0013,-0.0014,0,0,0,0,0,0,0.0,0.0,0.0,0.0,0.0,0.0,-0.0038,13,8,25,3,-872.9,12.0,20W32,0.04,-0.68,0.05,1,-2,0,-0.06,0.79,-0.73,0.0,20M08,0.04,-0.68,0.05,1,-2,0,-71.0,887.0,-821.0,0.0,0.0,0.0,5.65↘,5.69↘,5.8↘,5.71↗,5.49↘,6.07↘,0.24,0.34,0.26,0.2,0.18,266,288↘,224↗,202↘,-0.0205,-0.0283,-0.0469,-0.0319,0.0076
3016,0.15,27.4,188.0,27.4,21.8,17.6,74.6,113.0,52.3,66.2,99.7,46.1,20M07,20Q2,-12.4,5.7,1.98,-8.5,-9.94,-6.36,1.7,0.71,-0.48,2.13,1.31,-0.2,-0.15,1.01,0.66,-0.03,0.29,0.37,0.0,100.0,45.5,-1.0,2,-1,-1,3.04,23.5,8.4,2.76,2.1,0.57,0.08,7.56,1.71,2.17,1.14,0.16,0.35,-0.06,-0.28,0.01,0.29,3.33↘,3.38↘,3.25↗,-5.11,10.5,0.95,39.6,11.1,5.54,0.8,1.44,11.1,5.54,39.6,0.35,20M07,20Q2,29高,2高,2高,,-29.0,37.0,-36.0,36,-37,-5.0,-6.0,-7.0,-7,-7,-4.0,-6.0,-7.0,-10,-8,16,31,-10,-34,4,0.15,30.2,1,4.08,1,0.18,-1,7.44,0,0.0,0,0.0,0.001,0.0001,-0.0007,-0.0056,-0.0096,-0.005,0.0,0.0,0.0,0.0,0.0,-0.0007,0.0002,-0.0001,-0.0009,-0.0062,-0.0097,-0.0071,274,23,-190,-1546,-2637,-1380,0.0408,-0.0124,-0.064,-0.0429,-0.0091,0,0,0,0,0,-200,0.0,0.0,0.0,0.0,0.0,-0.0013,0.01,-20,-240,-1703,-2661,0.0,66.2,20W32,-0.82,-0.97,-0.62,-3,-3,-1,-0.07,0.22,-0.06,-0.29,20M08,-0.82,-0.97,-0.62,-3,-3,-1,-197.5,625.2,-158.5,-794.6,0.0,0.65,70.08↘,70.99↘,70.45↘,69.1↗,60.03↗,55.21↗,2.44,1.86,1.76,2.24,2.5,6708,4830↘,6147↘,6752↘,-0.0211,-0.0337,-0.0263,-0.0073,0.143
3019,-5.2,28.1,200.0,28.1,39.8,18.0,31.5,47.4,19.8,25.6,36.8,17.4,20M07,20Q2,2.88,-14.2,-24.0,7.9,23.9,16.9,5.92,-0.82,-1.97,10.1,-2.12,-4.43,8.1,-4.21,-4.73,1.94,-1.73,-3.12,246.0,-58.0,-89.4,-1.0,1,1,1,15.1,83.1,19.4,7.14,6.16,1.58,0.6,16.8,2.8,2.68,1.21,0.19,1.61,-0.44,-0.02,0.35,1.17,14↗,12.2↗,12.9↘,13.5,38.8,4.49,147.0,47.7,,3.26,6.29,47.7,,147.0,14.7,20M07,20Q2,47高,8高,8高,連5增,9.0,23.0,43.0,-38,-39,3.0,8.0,-11.0,-9,-10,5.0,-8.0,-9.0,-7,-8,24,44,41,32,1,-5.2,0.14,1,14.4,2,5.68,1,5.68,0,0.0,0,0.0,0.0015,0.0012,0.0018,0.0045,0.002,-0.019,0.0,0.0,0.0,0.0,0.0,0.0,0.0027,0.0023,0.0027,0.0052,0.0031,-0.0198,431,346,500,1268,562,-5349,0.144,0.0744,0.098,0.0236,-0.0728,0,0,0,0,0,1,0.0,0.0,0.0,0.0,0.0,0.0,0.255,658,754,1450,875,0.0,7.25,20W32,0.13,-0.31,-0.63,1,-2,-1,0.05,0.39,-0.65,0.97,20M08,0.13,-0.31,-0.63,1,-2,-1,143.0,1098.0,-1839.0,2728.0,0.0,3.31,70.94↗,70.05↗,70.57↘,70.83↗,71.81↘,78.36↘,1.06,0.8,0.92,0.85,1.19,2985,2587↗,2380↘,3293↘,0.0023,0.015,0.0075,0.0038,-0.0098
3025,-5.53,7.09,13.9,7.09,28.7,18.0,77.7,115.0,54.1,67.6,99.2,46.5,20M07,20Q1,-5.43,18.4,-0.22,30.8,61.5,36.3,7.1,6.68,6.68,3.36,29.0,29.0,4.9,24.2,24.2,0.45,4.03,4.03,18.8,575.0,575.0,1.0,2,2,2,0.62,3.06,58.9,20.5,18.4,3.3,0.38,58.9,20.5,18.4,3.3,0.38,-0.59,0.53,-0.01,-0.06,-0.06,0.47↗,0.38↘,0.45↗,5.15,1.47,-0.42,8.37,1.19,0.06,-0.04,-0.04,1.19,0.06,8.37,0.13,20M07,20Q1,37高,6高,10高,,6.0,10.0,13.0,14,17,4.0,2.0,2.0,2,2,4.0,2.0,2.0,2,2,-4,17,30,-39,-23,-5.53,1.55,-1,4.29,0,0.0,-2,0.36,0,0.0,0,0.0,0.0,0.0,0.0,-0.0001,-0.0003,-0.0005,0.0,0.0,0.0,0.0,0.0,0.0,0.0,0.0,0.0001,0.0001,-0.0002,-0.0004,-3,0,-3,-4,-22,-34,-0.0429,-0.0106,-0.0072,-0.0228,-0.0143,0,0,0,0,0,0,0.0,0.0,0.0,0.0,0.0,0.0,-0.0429,2,5,4,-16,0.0,13.9,20W32,0.48,0.08,0.08,2,0,0,0.1,0.3,0.0,0.0,20M08,0.48,0.08,0.08,2,0,0,71.7,211.4,1.0,0.0,0.0,0.0,19.86↘,19.79↘,20.18↘,19.41↗,18.92↘,20.2↘,0.1,0.13,0.16,0.14,0.15,70,112↘,96.4↗,102↘,-0.0106,-0.0073,-0.0262,0.0122,0.0384
3046,5.07,7.14,12.6,7.14,23.6,18.0,-6.56,-10.0,-4.44,-9.85,-13.6,-6.71,20M07,20Q1,21.6,68.0,-14.5,33.2,57.2,53.3,3.98,-5.81,-5.81,7.61,-19.6,-19.6,31.7,-17.5,-17.5,17.4,-8.87,-8.87,73.6,-1380.0,-1380.0,-1.0,1,1,1,2.01,8.92,22.9,-21.1,-16.8,-8.48,-0.64,22.9,-21.1,-16.8,-8.48,-0.64,-0.44,0.0,0.21,-0.33,-0.44,1.51↗,1.28↗,1.31↗,-28.8,2.84,-0.32,5.33,6.15,0.06,-0.32,-0.32,6.15,0.06,5.33,-1.44,20M07,20Q1,118高,11高,8低,連2增,-42.0,-9.0,-20.0,-15,-14,-10.0,-2.0,-6.0,-2,-3,-10.0,-2.0,-6.0,-2,-3,43,27,39,42,-8,5.07,42.5,0,0.0,-1,6.54,-1,0.63,0,0.0,0,0.0,0.0,-0.0003,-0.0005,0.0,-0.0002,-0.0002,0.0,0.0,0.0,0.0,0.0,0.0,0.0,-0.0003,-0.0005,0.0,-0.0002,-0.0002,0,-25,-38,-3,-11,-12,0.0,-0.0637,-0.0025,-0.0086,-0.0068,0,0,0,0,0,0,0.0,0.0,0.0,0.0,0.0,0.0,0.0,-25,-38,-3,-11,1385.0,42.5,20W32,-0.04,0.0,0.0,0,0,0,-0.01,-0.02,0.0,0.0,20M08,-0.04,0.0,0.0,0,0,0,-10.0,-15.0,0.0,0.0,0.0,1.95,17.54↗,16.23↗,15.92↗,15.1↗,12.89↗,16.03↘,0.14,0.28,0.33,0.19,0.12,98,239↗,134↗,86.7↗,0.0034,0.0847,0.105,0.165,0.366
3064,-1.5,8.41,16.6,8.41,20.0,16.2,-8.22,-14.1,-4.69,-7.74,-12.5,-5.01,20M07,20Q1,5.07,340.0,87.8,-1.17,19.7,80.4,33.4,20.1,20.1,72.8,-137.0,-137.0,64.9,-149.0,-149.0,-24.7,-49.1,-49.1,9.4,-45.2,-45.2,,2,2,-3,0.35,1.81,96.7,-226.0,-248.0,-68.6,-1.06,96.7,-226.0,-248.0,-68.6,-1.06,-1.18,0.07,1.22,0.13,-1.11,0.35↘,0.29↗,0.19↗,8.83,0.37,-0.99,0.88,2.54,0.0,-0.93,-0.93,2.54,0.0,0.88,-2.77,20M07,20Q1,55高,3高,7高,2減→增,2.0,-15.0,-14.0,-9,-1,1.0,-4.0,-4.0,-4,-1,1.0,-4.0,-4.0,-4,-1,-4,12,7,24,-5,-1.5,35.9,0,0.0,0,0.0,0,0.0,0,0.0,0,0.0,0.0,0.0,0.0,0.0,0.0,-0.0005,0.0,0.0,0.0,0.0,0.0,0.0,0.0,0.0,0.0,0.0,0.0,-0.0005,0,0,0,0,0,-38,0.0,,,,-0.115,0,0,0,0,0,0,0.0,,,,,0.0,0.0,0,0,0,0,10022.0,35.4,20W32,0.11,0.01,0.0,0,0,0,0.03,0.07,0.01,0.0,20M08,0.11,0.01,0.0,0,0,0,27.0,60.0,9.0,0.0,0.0,0.0,20.06↘,19.95↗,19.81↗,18.06↗,15.82↗,15.56↘,0.05,0.03,0.03,0.03,0.06,44,26↗,28.6↘,48.7↘,-0.0179,-0.0125,-0.0054,0.0905,0.245
3085,-18.3,3.1,1.76,3.1,25.9,16.4,-7.15,-11.9,-3.51,-3.1,-5.4,-1.12,20M07,20Q1,3.63,-67.3,-72.7,-10.4,-28.8,-54.1,5.95,7.02,7.02,25.4,-19.7,-19.7,154.0,-22.8,-22.8,-14.0,-116.0,-116.0,18.0,-51.9,-51.9,,1,1,-3,0.06,0.7,29.9,-69.7,-72.9,-143.0,-0.82,29.9,-69.7,-72.9,-143.0,-0.82,-0.12,0.0,0.07,-0.03,-0.12,0.07↘,0.09↘,0.14↘,4.34,0.4,-0.04,0.06,4.09,0.06,-0.04,-0.04,4.09,0.06,0.06,-0.17,20M07,20Q1,4低,1低,4低,6減→增,-21.0,-5.0,-6.0,-5,-1,-4.0,-2.0,-2.0,-2,-1,-4.0,-2.0,-2.0,-2,-1,-27,21,18,35,-1,-18.3,170.0,0,0.0,0,0.0,0,0.0,0,0.0,0,0.0,0.0,0.0,0.0,0.0,0.0,-0.0001,0.0,0.0,0.0,0.0,0.0,0.0,0.0,0.0,0.0,0.0,0.0,-0.0001,0,0,0,0,0,-3,0.0,,,,-0.0673,0,0,0,0,0,0,0.0,,,,,0.0,0.0,0,0,0,0,0.0,19.7,20W32,0.01,0.0,0.0,0,0,0,0.01,0.0,0.0,0.0,20M08,0.01,0.0,0.0,0,0,0,4.0,0.0,0.0,0.0,0.0,0.0,6.27↘,6.71↘,6.69↘,4.15↗,3.43↗,3.17↗,0.03,0.03,0.04,0.03,0.05,11,12.8↗,10.2↗,15↘,-0.0944,-0.154,-0.151,0.368,0.656
3089,-7.64,6.01,13.4,6.01,27.6,16.8,-5.26,-8.16,-2.96,-14.7,-21.4,-8.55,20M07,20Q1,35.4,120.0,68.7,43.7,86.1,185.0,2.63,-18.6,-18.6,63.3,-34.1,-34.1,8.41,-149.0,-149.0,-0.73,-6.2,-6.2,-6.82,0.0,0.0,,1,1,-2,0.43,1.46,-1.81,-59.2,-149.0,-6.19,-0.47,-1.81,-59.2,-149.0,-6.19,-0.47,-0.44,0.0,0.01,-0.47,-0.44,0.3↗,0.23↗,0.15↗,59.7,0.19,-0.27,4.48,0.13,0.37,-0.27,-0.27,0.13,0.37,4.48,1.67,20M07,20Q1,35高,3高,6低,連2增,-9.0,-7.0,-4.0,-11,-10,-1.0,-2.0,-1.0,-1,-1,-1.0,-2.0,-1.0,-1,-1,-15,23,37,-17,28,-7.64,16.7,0,0.0,1,2.44,3,0.41,0,0.0,0,0.0,0.0,0.0001,0.0001,0.0,0.0,0.0002,0.0,0.0,0.0,0.0,0.0,0.0,0.0,0.0001,0.0001,0.0,0.0,0.0003,0,4,4,1,2,14,0.0,0.0244,0.0031,0.0056,0.0197,0,0,0,0,0,0,0.0,0.0,0.0,0.0,0.0,0.0,0.0,4,4,1,2,0.0,25.2,20W32,0.09,-0.02,-0.02,0,0,0,-0.02,0.13,0.0,0.0,20M08,0.09,-0.02,-0.02,0,0,0,-11.0,76.0,0.0,0.0,0.0,0.0,22.88↘,23.24↘,23.76↘,21.88↗,20.63↗,19.85↗,0.11,0.4,0.29,0.17,0.12,64,176↗,104↘,70.7↘,-0.0232,-0.0383,-0.0595,0.0214,0.0836
3178,-6.07,4.5,23.7,4.5,42.4,1.7,14.2,19.1,10.8,18.8,25.3,14.3,20M07,20Q1,-2.8,28.5,29.8,-3.68,-9.28,-1.03,3.19,4.34,4.34,6.23,3.4,3.4,9.06,3.75,3.75,3.14,1.55,1.55,1033.0,70.0,70.0,-1.0,1,1,1,1.06,7.92,26.8,11.3,10.0,3.45,0.68,26.8,11.3,10.0,3.45,0.68,1.62,-0.56,0.68,1.73,1.05,1.1↘,1.17↗,1.07↗,3.85,3.17,0.73,9.4,6.65,4.58,0.47,0.47,6.65,4.58,9.4,0.02,20M07,20Q1,19高,3高,1高,連4減,5.0,7.0,3.0,7,6,2.0,2.0,1.0,2,2,2.0,2.0,1.0,2,2,4,4,-8,1,1,-6.07,26.4,-1,22.4,-1,6.77,-1,0.44,0,0.0,0,0.0,-0.0013,-0.0008,0.0005,0.0017,0.005,0.011,0.0,0.0,0.0,0.0,0.0,0.0,-0.0013,-0.0008,0.0005,0.0017,0.005,0.011,-57,-34,23,76,226,495,-0.224,0.0339,0.0559,0.0602,0.0492,0,0,0,0,0,0,0.0,0.0,0.0,0.0,0.0,0.0,-0.224,-34,23,76,226,0.0,38.4,20W32,0.51,0.0,0.0,1,0,0,0.29,0.22,0.0,0.0,20M08,0.51,0.0,0.0,1,0,0,131.0,100.0,-1.09,0.0,0.0,0.05,54.06↘,53.19↗,53.27↘,55.05↗,46.05↗,38.9↗,0.56,0.5,0.6,0.83,1.02,254,272↘,376↘,460↘,-0.027,-0.0112,-0.0126,-0.0445,0.142
3188,-1.77,12.0,16.7,12.0,19.7,16.4,34.4,43.6,27.9,14.6,17.7,12.2,20M07,20Q1,0.54,-57.9,-68.1,-6.71,-19.3,-30.7,-0.34,3.7,3.7,1.25,-2.58,-2.58,-1.68,-6.22,-6.22,-0.64,-5.64,-5.64,-58.8,-90.1,-90.1,,1,-4,-5,0.42,3.57,21.7,8.46,5.44,0.54,0.07,21.7,8.46,5.44,0.54,0.07,0.04,0.0,-0.36,-0.33,0.04,0.45↘,0.52↘,0.6↘,-50.7,1.5,0.05,14.9,16.7,13.7,0.05,0.05,16.7,13.7,14.9,-5.97,20M07,20Q1,110低,10低,10高,2減→增,-13.0,29.0,31.0,-34,-33,-4.0,9.0,8.0,9,9,-4.0,9.0,8.0,9,9,35,12,-11,-10,2,-1.77,-1.07,-1,3.61,-1,2.14,-1,0.71,0,0.0,0,0.0,0.0,0.0,0.0,0.0,0.0,0.0,0.0,0.0,0.0,0.0,0.0,0.0,0.0,0.0,0.0,0.0,0.0,0.0,-1,-1,-1,-1,-1,1,-0.0361,-0.0361,-0.0361,-0.0145,0.0054,0,0,0,0,0,0,0.0,0.0,0.0,0.0,0.0,0.0,-0.0361,-1,-1,-1,-2,0.0,39.4,20W32,0.01,0.0,0.0,0,0,0,0.0,0.01,0.0,0.0,20M08,0.01,0.0,0.0,0,0,0,5.0,9.0,-3.0,0.0,0.0,0.0,13.9↘,13.95↗,13.93↘,14.19↘,14.45↘,16.47↘,0.02,0.02,0.02,0.02,0.02,28,24.1↗,21.5↗,29.3↘,0.0,-0.0032,-0.0021,-0.0204,-0.0383
3189,23.0,45.1,372.0,45.1,19.9,15.8,33.3,41.9,24.5,-56.4,-77.0,-40.0,20M07,20Q2,-0.54,19.5,24.6,-0.02,7.75,12.0,4.51,13.2,12.7,4.81,24.5,19.6,3.6,24.7,20.8,0.9,4.8,7.64,189.0,123.0,118.0,-1.0,1,4,1,23.6,150.0,22.4,6.27,4.94,1.18,0.52,20.3,4.03,3.26,1.44,0.7,3.09,-0.37,-0.87,1.85,2.72,23.6↗,21.9↗,21.1↗,-11.7,67.9,13.9,286.0,107.0,17.6,12.2,12.7,107.0,17.6,286.0,-6.3,20M07,20Q2,4高,2高,1高,2增→減,-16.0,-13.0,-14.0,-14,-15,-3.0,-4.0,-4.0,-5,-4,-3.0,-5.0,-5.0,-6,-5,23,5,-20,10,12,23.0,54.2,2,1.08,3,8.1,5,3.56,6,5.83,4,3.34,0.0003,0.0009,-0.0009,0.0045,0.0164,0.0424,0.0015,0.0061,0.0079,0.0141,0.0157,0.0162,0.0027,0.0085,0.0081,0.0193,0.0332,0.0612,145,417,-416,2026,7374,19110,0.006,-0.0081,0.0212,0.041,0.0591,694,2749,3572,6342,7060,7295,0.0287,0.0714,0.0693,0.0665,0.0392,0.0226,0.0495,3835,3636,8716,14992,0.0,25.6,20W32,1.13,0.94,0.97,-5,-4,0,-0.27,0.45,0.03,-0.06,20M08,1.13,0.94,0.97,-5,-4,0,-1204.0,2027.0,121.5,-251.6,0.0,7.96,82.1↗,78.99↗,73.43↗,63.79↗,55.5↗,50.94↗,5.36,3.81,4.23,3.99,3.26,24180,19070↗,17996↘,15093↗,0.0049,0.0444,0.124,0.293,0.486
3205,-19.2,3.28,13.0,3.28,22.4,14.9,42.6,66.9,24.7,-15.1,-20.9,-10.9,20M07,20Q1,2.56,12.4,28.2,3.11,-3.72,6.83,2.93,3.0,3.0,13.3,17.0,17.0,34.6,21.0,21.0,4.85,1.87,1.87,77.2,62.2,62.2,,2,1,1,0.46,3.3,19.7,-10.1,-6.97,-1.55,-0.31,19.7,-10.1,-6.97,-1.55,-0.31,-1.11,-0.33,-0.12,-1.59,-1.44,0.44↘,0.47↘,0.43↗,-44.8,1.49,-0.37,6.63,1.05,0.0,-0.48,-0.48,1.05,0.0,6.63,-1.15,20M07,20Q1,33高,4高,3高,連2增,-15.0,23.0,21.0,30,22,-3.0,6.0,4.0,6,4,-3.0,6.0,4.0,6,4,-10,-18,-8,-5,16,-19.2,-4.58,-2,4.76,-1,4.76,1,3.54,0,0.0,0,0.0,-0.0001,-0.0001,-0.0001,0.0001,0.0009,0.0001,0.0,0.0,0.0,0.0,0.0,0.0,-0.0001,-0.0001,-0.0001,0.0001,0.0008,0.0,-3,-4,-4,2,28,2,-0.0638,-0.0476,0.0083,0.0502,0.0006,0,0,0,0,0,0,0.0,0.0,0.0,0.0,0.0,0.0,-0.0638,-4,-4,2,27,0.0,10.2,20W32,0.1,0.1,0.1,0,0,0,0.0,0.0,0.0,0.0,20M08,0.1,0.1,0.1,0,0,0,0.0,0.0,1.0,0.0,0.0,0.0,40.64↘,40.33↗,40.79↘,42.05↘,39.84↘,45.95↘,0.14,0.13,0.17,0.18,0.44,47,56↘,59.7↘,116↘,-0.0256,-0.0181,-0.0291,-0.0582,-0.0061
3228,1.69,6.78,40.7,6.78,23.0,15.4,-68.5,-117.0,-45.2,-156.0,-285.0,-94.7,20M07,20Q2,3.8,32.0,24.2,0.28,-9.52,-6.06,-17.4,-14.7,-2.27,-24.3,5.21,9.27,-29.3,0.29,7.59,-4.53,-1.01,0.91,-1350.0,-19.0,25.8,,-2,-1,-1,0.2,1.58,59.3,-23.5,-27.4,-4.19,-0.25,68.8,-10.2,-11.4,-3.84,-0.23,0.06,-0.2,0.25,0.12,-0.13,0.2↘,0.22↘,0.22↗,14.4,0.62,0.04,4.0,1.39,0.0,-0.09,0.01,1.39,0.0,4.0,-0.3,20M07,20Q2,30低,2低,6低,3減→增,-34.0,-18.0,-17.0,-20,-13,9.0,-5.0,-4.0,-4,-1,4.0,9.0,9.0,8,10,31,-26,11,25,27,1.69,76.5,4,3.99,3,1.33,1,2.16,0,0.0,0,0.0,0.0001,0.0004,0.0006,0.0008,0.0043,-0.0007,0.0,0.0,0.0,0.0,0.0,-0.0017,0.0001,0.0004,0.0006,0.0008,0.0049,0.0014,6,24,44,51,293,-45,0.0199,0.0497,0.0399,0.0312,-0.001,0,0,0,0,0,-114,0.0,0.0,0.0,0.0,0.0,-0.0025,0.0199,24,44,51,334,0.0,15.4,20W32,0.29,0.13,0.13,0,0,0,0.08,0.08,0.0,0.0,20M08,0.29,0.13,0.13,0,0,0,55.0,52.0,0.0,0.0,0.0,0.0,59.16↗,60.29↘,58.8↘,51.04↗,40.93↗,35.1↗,0.45,0.43,0.48,1.55,3.18,302,322↗,1051↘,2175↘,0.0142,-0.0048,0.0204,0.175,0.466
3259,0.93,8.09,13.2,8.09,21.7,12.6,-18.5,-24.0,-13.4,-21.4,-27.5,-15.2,20M07,20Q2,6.97,-6.8,-9.05,-4.33,-2.73,-3.69,-5.27,-4.24,3.17,9.86,-0.43,0.46,49.2,39.9,24.0,15.0,13.3,13.4,182.0,188.0,90.8,,1,1,1,0.48,3.19,23.2,-22.1,18.7,6.73,0.36,25.4,-26.3,-2.54,-1.54,-0.09,-0.25,1.54,-0.94,0.36,1.29,0.5↘,0.5↗,0.5↘,207.0,1.54,-0.2,4.42,1.01,,1.03,0.83,1.01,,4.42,0.61,20M07,20Q2,81低,9低,6低,,-11.0,-24.0,4.0,7,2,-4.0,8.0,2.0,3,1,-6.0,-7.0,8.0,8,8,-26,1,-2,10,-17,0.93,19.0,0,0.0,-1,5.11,2,0.1,0,0.0,0,0.0,0.0,-0.0002,0.0002,0.0001,0.0001,0.0,0.0,0.0,0.0,0.0,0.0,0.0,0.0,-0.0002,0.0001,0.0,0.0,0.0,0,-14,13,8,8,4,0.0,0.0307,0.0132,0.0077,0.0023,0,0,0,0,0,0,0.0,0.0,0.0,0.0,0.0,0.0,0.0,-14,9,4,4,0.0,19.9,20W32,0.26,0.57,0.07,1,1,0,0.18,-0.48,0.49,0.0,20M08,0.26,0.57,0.07,1,1,0,148.1,-392.0,398.7,0.0,0.0,0.85,16.35↗,15.96↗,16.16↘,14.83↗,13.83↗,15.58↘,0.12,0.21,0.17,0.14,0.17,97,140↗,113↘,130↘,-0.0031,0.0213,0.0088,0.0991,0.178
3266,-4.76,35.2,45.8,35.2,27.4,5.6,-289.0,-350.0,-250.0,38.2,47.1,32.7,20M07,20Q2,123.0,27.9,28.2,56.2,117.0,154.0,13.3,-8.82,-8.38,17.9,-6.8,-4.74,22.3,-6.34,-6.15,1.88,-0.48,-0.68,270.0,-32.0,-56.2,,1,1,1,4.83,14.2,21.7,9.9,11.2,1.22,0.17,16.9,3.5,3.23,0.54,0.07,-0.65,0.0,0.66,0.0,-0.65,3.09↗,2.22↗,1.9↗,15.4,6.04,-2.29,54.9,57.6,3.24,-2.29,-2.84,57.6,3.24,54.9,1.39,20M07,20Q2,9高,2高,4高,,-24.0,30.0,23.0,31,30,-6.0,9.0,8.0,9,9,-5.0,-8.0,-8.0,-8,-8,-9,25,11,-34,-30,-4.76,-0.76,-1,5.73,-2,16.0,-1,16.0,0,0.0,0,0.0,0.0,0.0,-0.0001,-0.0001,0.0,0.0,0.0,0.0,0.0,0.0,0.0,0.0,0.0,-0.0001,-0.0001,-0.0001,0.0,-0.0001,-16,-8,-34,-47,7,-4,-0.0573,-0.0819,-0.0811,0.0048,-0.0016,0,0,0,0,0,0,0.0,0.0,0.0,0.0,0.0,0.0,-0.0573,-18,-36,-46,11,0.0,13.0,20W32,0.05,-0.01,-0.01,2,0,0,0.14,-0.08,0.0,0.0,20M08,0.05,-0.01,-0.01,2,0,0,502.0,-297.0,0.0,-1.0,0.0,0.0,12.86↗,12.93↘,13.18↘,13.52→,13.15↘,13.92↗,0.08,0.04,0.03,0.04,0.03,279,116↗,145↗,119↗,0.0109,0.0054,-0.0134,-0.0384,-0.0117
3268,-18.9,3.34,4.81,3.34,29.3,15.5,-15.7,-21.2,-12.3,-13.4,-19.2,-10.2,20M07,20Q1,47.8,39.1,-2.71,22.5,56.3,57.3,3.27,1.29,1.29,-0.62,0.27,0.27,4.37,0.99,0.99,2.32,0.4,0.4,89.5,63.6,63.6,,-3,1,1,1.22,5.23,9.08,-1.29,-0.92,-0.33,-0.04,9.08,-1.29,-0.92,-0.33,-0.04,-0.93,-0.09,0.48,-0.53,-1.02,1↗,0.78↗,0.77↗,-40.4,1.63,-0.35,4.33,2.55,1.95,-0.38,-0.38,2.55,1.95,4.33,0.03,20M07,20Q1,39高,7高,9高,,-33.0,-30.0,-33.0,-32,34,7.0,6.0,6.0,6,6,7.0,6.0,6.0,6,6,-10,34,21,-16,-8,-18.9,48.1,2,3.54,1,3.54,2,0.43,0,0.0,0,0.0,0.0001,0.0012,0.0012,0.001,0.0014,0.0007,0.0,0.0,0.0,0.0,0.0,0.0,0.0001,0.0012,0.0012,0.001,0.0014,0.0008,2,39,39,34,47,24,0.0049,0.0354,0.0265,0.0283,0.007,0,0,0,0,0,0,0.0,0.0,0.0,0.0,0.0,0.0,0.0049,39,39,34,48,0.0,13.3,20W32,0.04,0.05,0.0,0,0,0,-0.01,0.0,0.05,0.0,20M08,0.04,0.05,0.0,0,0,0,-4.62,0.0,17.0,0.0,0.0,0.0,14.77↗,14.6↘,14.42↘,12.24↗,11.26↗,11.53↗,1.21,1.14,0.79,0.52,0.72,406,265↗,174↗,227↘,-0.0251,-0.014,-0.0012,0.176,0.279
3276,-4.73,6.97,6.87,6.97,20.6,15.6,110.0,147.0,81.5,-47.1,-59.9,-36.5,20M07,20Q1,-30.6,30.7,60.9,-20.4,-5.43,7.92,-0.42,-3.74,-3.74,-4.25,-3.7,-3.7,-16.9,-4.3,-4.3,-5.66,-3.09,-3.09,-557.0,-52.4,-52.4,,-1,-1,-1,0.93,6.71,-16.5,-25.1,-20.2,-6.61,-0.32,-16.5,-25.1,-20.2,-6.61,-0.32,-1.6,-0.11,-0.89,-2.6,-1.71,1.17↗,0.99↗,0.87↗,-24.5,2.31,-1.12,6.8,11.6,2.35,-1.2,-1.2,11.6,2.35,6.8,2.85,20M07,20Q1,71高,5高,4高,4增→減,-7.0,-9.0,-9.0,-13,-8,-2.0,-2.0,-2.0,-4,-1,-2.0,-2.0,-2.0,-4,-1,-1,18,-10,-3,4,-4.73,29.4,-1,1.86,0,0.0,5,0.69,0,0.0,0,0.0,-0.0001,0.0,0.0,0.0,0.0003,0.0007,0.0,0.0,0.0,0.0,0.0,0.0,-0.0001,0.0,0.0,0.0,0.0002,0.0008,-6,0,0,0,19,46,-0.0186,0.0,0.0,0.0181,0.0158,0,0,0,0,0,0,0.0,0.0,0.0,0.0,0.0,0.0,-0.0155,-3,-3,-1,15,0.0,45.1,20W32,0.14,-0.02,-0.01,1,0,0,0.14,0.02,-0.01,0.0,20M08,0.14,-0.02,-0.01,1,0,0,97.0,14.0,-6.0,0.0,0.0,0.0,10.43↘,10.41↗,10.41↘,9.13↗,8.3↗,8.55↗,0.46,0.24,0.18,0.16,0.2,323,125↗,111↗,126↘,-0.0548,-0.053,-0.0531,0.0797,0.189
3322,-8.36,9.67,6.78,9.67,43.4,11.2,-51.2,-73.0,-40.6,17.3,25.1,13.5,20M07,20Q1,19.8,27.6,9.33,11.5,28.5,22.2,-1.74,3.43,3.43,-7.75,5.21,5.21,-4.2,4.8,4.8,-2.18,2.05,2.05,-775.0,44.9,44.9,-1.0,-1,-1,-1,2.79,15.0,18.4,-1.72,-2.77,-1.26,-0.27,18.4,-1.72,-2.77,-1.26,-0.27,0.15,-2.08,0.51,-1.39,-1.93,2.5↗,2.17↗,2.28↗,17.7,5.5,0.15,11.9,8.64,1.9,-1.87,-1.87,8.64,1.9,11.9,-0.7,20M07,20Q1,17高,2高,3高,,7.0,-24.0,-25.0,-20,-25,2.0,7.0,6.0,7,6,2.0,7.0,6.0,7,6,29,-2,17,-2,22,-8.36,6.69,-2,2.23,-1,2.23,-2,0.29,0,0.0,0,0.0,-0.0001,-0.0001,0.0,0.0,0.0,-0.0001,0.0,0.0,0.0,0.0,0.0,0.0,-0.0001,0.0004,0.0005,0.0005,0.0004,0.0008,-6,-9,0,-1,-4,-14,-0.0233,0.0,-0.0017,-0.0033,-0.0046,0,0,0,0,0,0,0.0,0.0,0.0,0.0,0.0,0.0,-0.0233,40,49,48,36,2011.0,18.8,20W32,-0.01,0.41,-0.1,-1,1,0,-0.37,-0.05,0.51,0.0,20M08,-0.01,0.41,-0.1,-1,1,0,-358.0,-49.0,497.0,0.0,0.0,0.0,7.09↘,7.13↘,7.36↘,7.05↘,6.62↘,7.57↘,0.27,0.18,0.15,0.14,0.15,258,145↗,135↗,140↘,-0.0099,-0.0158,-0.0463,-0.0041,0.0601
3339,-1.16,9.62,4.11,9.62,20.2,14.1,-2.72,-4.47,-1.8,-7.94,-12.5,-5.35,20M07,20Q1,71.2,39.6,1.18,34.1,41.3,52.2,4.88,-3.2,-3.2,5.14,-6.68,-6.68,11.2,-7.24,-7.24,2.43,-3.21,-3.21,30.6,-25.9,-25.9,,1,1,1,0.71,3.39,-8.53,-25.4,-26.0,-8.01,-0.34,-8.53,-25.4,-26.0,-8.01,-0.34,-0.03,0.0,-0.06,-0.09,-0.02,0.53↗,0.5↗,0.47↗,2.11,1.28,-0.03,3.97,1.98,4.82,-0.02,-0.02,1.98,4.82,3.97,0.15,20M07,20Q1,87低,6低,2低,3減→增,-23.0,-20.0,-19.0,-25,-11,-7.0,-6.0,-6.0,8,-3,-7.0,-6.0,-6.0,8,-3,-15,14,-27,-23,29,-1.16,50.4,0,0.0,-2,38.4,-2,16.2,0,0.0,0,0.0,0.0,-0.0023,-0.0042,-0.0046,-0.0046,-0.0141,0.0,0.0,0.0,0.0,0.0,0.0,0.0,-0.0023,-0.0042,-0.0046,-0.0046,-0.0141,0,-222,-400,-444,-444,-1352,0.0,-0.734,-0.673,-0.673,-0.315,0,0,0,0,0,0,0.0,0.0,0.0,0.0,0.0,0.0,0.0,-222,-400,-444,-444,-1818.0,12.0,20W32,0.13,-0.05,-0.05,2,0,0,0.18,0.0,0.0,0.0,20M08,0.13,-0.05,-0.05,2,0,0,173.0,0.0,0.0,0.0,0.0,0.08,4.19↗,3.89↗,4.16↘,3.36↗,3.4↘,4.07↘,0.06,0.21,0.19,0.17,0.35,54,181↘,162↘,337↘,0.0196,0.0991,0.026,0.273,0.256
3406,-15.7,11.2,727.0,11.1,30.5,14.6,51.4,85.5,24.6,28.3,44.9,14.3,20M07,20Q1,41.0,21.8,63.3,26.8,47.8,26.1,-6.91,8.58,8.58,-5.24,27.8,27.8,-7.28,18.9,18.9,-5.09,3.7,3.7,-53.2,9080.0,9080.0,1.0,-2,-1,-2,15.6,73.3,43.6,26.7,19.0,3.71,4.59,43.6,26.7,19.0,3.71,4.59,14.27,-16.99,-2.5,-5.05,-2.72,12.3↗,10.6↗,12.4↗,3.06,27.0,15.9,140.0,51.1,10.6,-3.03,-3.03,51.1,10.6,140.0,8.1,20M07,20Q1,3高,1高,1高,連3增,5.0,9.0,14.0,10,19,1.0,2.0,3.0,1,3,1.0,2.0,3.0,1,3,3,-1,-10,-7,2,-15.7,30.4,2,3.08,1,3.08,-2,1.37,-4,0.56,-6,1.07,0.0002,0.0043,0.0027,-0.0181,-0.0278,-0.0429,-0.0011,-0.0011,-0.0018,-0.0018,-0.0082,-0.0224,-0.0019,0.0039,-0.0021,-0.021,-0.0337,-0.0659,24,481,298,-2019,-3091,-4783,0.0048,0.0103,-0.0462,-0.0365,-0.0232,-120,-128,-201,-198,-908,-2495,-0.0239,-0.0082,-0.0069,-0.0045,-0.0107,-0.0121,-0.0414,431,-232,-2343,-3756,-439.0,12.1,20W32,-0.13,-0.73,-0.5,-1,-1,0,-0.41,1.01,-1.1,0.87,20M08,-0.13,-0.73,-0.5,-1,-1,0,-458.7,1122.0,-1230.0,973.0,3.18,7.31,668.6↘,672.8↘,696.6↘,635↗,548.8↗,506.7↗,4.51,8.66,7.85,7.61,8.4,5024,8742↘,8476↘,9425↘,-0.0248,-0.0309,-0.0641,0.0267,0.188
3465,15.0,3.22,26.4,3.22,27.3,12.5,-11.7,-17.1,-7.3,-17.5,-26.4,-11.1,20M07,20Q2,26902.0,8335.0,1568.0,198.0,484.0,1009.0,21.5,-26.0,-55.6,-808.0,-851.0,-403.0,-1549.0,-1576.0,-606.0,-0.16,3.14,2.55,-20.7,-34.6,-32.7,,-1,-1,-1,0.46,0.47,-45.4,-1365.0,-2107.0,-3.58,-0.35,-60.0,-816.0,-1054.0,-9.8,-0.65,-0.31,-0.06,0.0,-0.37,-0.37,0.15↗,0.08↗,0.04↗,35.2,0.01,-0.1,3.08,0.03,,-0.12,-0.17,0.03,,3.08,-0.19,20M07,20Q2,33高,1高,4低,連2增,-4.0,-1.0,-3.0,-20,28,-1.0,-1.0,-1.0,-6,8,-1.0,-1.0,-1.0,-6,-8,-12,-26,-24,-15,2,15.0,64.2,-1,15.7,-1,6.37,-1,3.88,0,0.0,0,0.0,-0.0004,-0.0003,-0.0003,-0.0003,-0.0003,-0.0005,0.0,0.0,0.0,0.0,0.0,0.0,-0.0004,-0.0003,-0.0003,-0.0003,-0.0003,-0.0005,-14,-10,-10,-10,-10,-15,-0.157,-0.0637,-0.0637,-0.0637,-0.0621,0,0,0,0,0,0,0.0,0.0,0.0,0.0,0.0,0.0,-0.157,-10,-10,-10,-10,0.0,28.4,20W32,-0.1,0.0,0.0,0,0,0,0.58,-0.67,0.0,0.0,20M08,-0.1,0.0,0.0,0,0,0,185.0,-216.0,0.0,0.0,0.0,0.0,77.6↗,74.71↗,74.31↗,63.96↗,50.97↗,42.72↗,0.28,0.17,0.15,0.09,0.07,89,47.5↗,27.7↗,23↗,0.0567,0.0976,0.103,0.282,0.609
3481,0.75,971.0,788.0,971.0,17.6,13.8,14.9,18.5,11.6,12.5,16.1,9.04,20M07,20Q1,-1.69,15.7,-1.8,1.89,14.6,14.4,0.33,-3.24,-3.24,-1.46,-4.64,-4.64,0.01,-4.23,-4.23,0.59,-0.84,-0.84,21.4,-48.6,-48.6,1.0,-3,1,1,238.0,1410.0,-1.77,-12.3,-10.4,-2.3,-0.55,-1.77,-12.3,-10.4,-2.3,-0.55,-0.33,-0.03,0.5,0.12,-0.36,233↗,207↗,208↗,-25.3,504.0,-31.8,2255.0,969.0,273.0,-34.9,-34.9,969.0,273.0,2255.0,226.0,20M07,20Q1,92低,8低,6低,4增→減,-12.0,-5.0,-10.0,-15,-14,-5.0,-2.0,-4.0,-5,-5,-5.0,-2.0,-4.0,-5,-5,-5,8,12,26,-19,0.75,25.7,-5,23.4,-2,7.05,-1,7.05,0,0.0,1,0.0,-0.0023,-0.0035,-0.008,-0.0137,-0.0031,-0.0024,0.0,0.0,-0.0006,-0.0009,-0.0018,-0.0016,-0.0026,-0.0036,-0.009,-0.0155,-0.0052,-0.0043,-22648,-33593,-78109,-133128,-29794,-23430,-0.334,-0.3,-0.234,-0.0254,-0.009,0,1,-5489,-9089,-17089,-16004,0.0,0.0,-0.0211,-0.016,-0.0146,-0.0061,-0.372,-34767,-86966,-150107,-50075,89.0,1.82,20W32,0.07,0.14,0.08,-30,1,3,-0.06,-0.01,-0.05,0.11,20M08,0.07,0.14,0.08,-30,1,3,-5842.0,-846.6,-5232.0,10515.0,1.72,0.78,8.25↘,8.29↗,8.32↘,7.66↗,7.2↘,7.34↗,0.7,0.89,1.17,1.21,1.22,67742,113706↘,117159↘,115465↘,-0.0165,-0.0223,-0.0254,0.0587,0.127
3494,-23.8,18.0,7.47,17.9,19.5,12.7,-6.89,-10.1,-5.31,-3.35,-5.07,-2.33,20M07,20Q1,-11.4,-71.6,-51.2,4.29,-22.5,-50.3,-0.27,-13.4,-13.4,13.0,-28.3,-28.3,-5.78,-57.8,-57.8,0.89,-5.12,-5.12,25.7,-38.9,-38.9,,1,-2,1,0.28,2.87,-10.7,-74.7,-107.0,-10.8,-0.75,-10.7,-74.7,-107.0,-10.8,-0.75,-1.33,1.11,0.08,0.07,-0.22,0.27↗,0.37↘,0.57↘,30.2,1.77,-2.38,16.8,5.19,3.06,-0.39,-0.39,5.19,3.06,16.8,0.58,20M07,20Q1,3低,1低,1低,,-1.0,-2.0,-1.0,-3,-2,-1.0,-1.0,-1.0,-1,-1,-1.0,-1.0,-1.0,-1,-1,-2,2,30,28,-5,-23.8,14.9,-1,12.1,-1,5.84,-1,0.19,0,0.0,0,0.0,-0.0002,-0.0002,-0.0003,-0.0004,-0.0001,-0.0007,0.0,0.0,0.0,0.0,0.0,0.0,-0.0002,-0.0002,-0.0003,-0.0004,-0.0001,-0.0007,-42,-31,-58,-73,-26,-129,-0.121,-0.0691,-0.0319,-0.0057,-0.0066,0,0,0,0,0,0,0.0,0.0,0.0,0.0,0.0,0.0,-0.121,-31,-58,-73,-26,0.0,17.5,20W32,-0.15,-0.12,-0.12,-1,0,0,-0.06,0.04,0.0,0.0,20M08,-0.15,-0.12,-0.12,-1,0,0,-104.0,64.0,0.0,0.0,0.0,0.0,4.26↘,4.17↗,4.26↘,3.85↗,3.77↘,4.22↘,0.19,0.16,0.25,0.25,0.5,347,458↘,453↘,765↘,-0.023,-0.0031,-0.0235,0.0798,0.103
3512,-4.15,7.1,20.5,8.4,28.2,13.1,-112.0,-149.0,-86.0,-138.0,-166.0,-113.0,20M07,20Q1,-37.9,195.0,75.8,-28.7,8.27,46.2,-2.27,-9.11,-9.11,-6.89,-14.4,-14.4,-5.33,-14.1,-14.1,-1.31,-5.19,-5.19,-225.0,-155.0,-155.0,,-1,-1,-4,2.39,14.8,6.58,-7.35,-7.0,-1.87,-0.26,6.58,-7.35,-7.0,-1.87,-0.26,0.63,-0.01,0.15,0.76,0.62,3.35↗,2.21↗,1.63↗,-5.02,2.61,0.44,9.66,34.0,0.23,0.44,0.44,34.0,0.23,9.66,-10.8,20M07,20Q1,6高,2高,1高,4增→減,-25.0,-24.0,-25.0,-27,-26,7.0,7.0,6.0,5,6,7.0,7.0,6.0,5,6,14,17,-26,13,4,-4.15,-1.37,-2,1.22,-1,1.22,-1,0.06,0,0.0,0,0.0,-0.0001,-0.0001,0.0,0.0,0.0,0.0001,0.0,0.0,0.0,0.0,0.0,0.0,-0.0001,-0.0001,0.0,-0.0003,-0.0013,-0.0014,-7,-8,-4,-1,-2,7,-0.0234,-0.0035,-0.0007,-0.0011,0.0014,0,0,0,0,0,0,0.0,0.0,0.0,0.0,0.0,0.0,-0.0234,-8,-4,-28,-107,-2069.0,45.4,20W32,-0.16,0.01,0.01,-1,0,0,-0.15,-0.02,0.0,0.0,20M08,-0.16,0.01,0.01,-1,0,0,-123.0,-17.0,3.0,0.0,0.0,0.0,27.43↗,26.83↗,26.84↘,28.62↘,28.02↘,28.96↘,0.36,0.46,0.32,0.22,0.27,299,272↗,184↗,224↗,0.0536,0.077,0.0769,0.0099,0.0314
3520,-6.98,4.88,8.79,4.88,34.5,12.8,-73.5,-120.0,-42.1,-31.0,-65.8,-16.5,20M07,20Q2,31.3,69.5,11.6,24.7,54.0,64.9,0.23,-1.55,-0.82,10.3,1.85,0.55,6.71,0.36,0.06,2.85,0.27,0.01,255.0,112.0,400.0,,1,1,1,1.23,5.27,15.3,3.77,2.49,1.51,0.17,15.2,0.43,0.31,0.27,0.09,-1.42,-0.26,1.81,0.12,-1.68,0.98↗,0.8↗,0.74↗,-20.3,2.73,-0.67,4.87,2.77,,-0.8,-0.17,2.77,,4.87,-0.41,20M07,20Q2,4高,2高,4高,連2增,10.0,15.0,17.0,18,18,3.0,4.0,5.0,5,5,2.0,6.0,5.0,5,5,-7,-26,5,28,11,-6.98,42.9,1,0.42,-2,1.64,-1,1.64,0,0.0,0,0.0,0.0,-0.0006,-0.0005,-0.0005,-0.0001,-0.0004,0.0,0.0,0.0,0.0,0.0,0.0,0.0,-0.0006,-0.0005,-0.0005,-0.0001,-0.0004,1,-27,-22,-23,-5,-20,0.0042,-0.0261,-0.0176,-0.0017,-0.0026,0,0,0,0,0,0,0.0,0.0,0.0,0.0,0.0,0.0,0.0042,-27,-22,-23,-6,0.0,34.3,20W32,0.12,0.01,0.0,0,0,0,0.1,0.0,0.0,0.01,20M08,0.12,0.01,0.0,0,0,0,50.47,2.0,0.0,4.0,0.0,0.01,18.52↘,18.8↗,18.54↘,15.47↗,12.71↗,12.79↗,0.49,0.58,0.54,0.62,0.9,239,264↘,301↘,389↘,-0.0281,-0.0428,-0.029,0.163,0.416
4129,-8.93,8.84,26.8,7.84,27.4,15.9,31.4,38.7,25.2,30.7,38.5,23.5,20M07,20Q1,20.0,9.5,-12.4,14.3,26.3,22.3,1.76,-2.02,-2.02,-0.18,-4.62,-4.62,-4.28,-4.33,-4.33,-0.86,-0.89,-0.89,-231.0,-189.0,-189.0,-1.0,-3,-3,-3,2.3,12.4,69.7,-2.03,-2.76,-0.49,-0.17,69.7,-2.03,-2.76,-0.49,-0.17,0.16,-0.38,11.72,11.48,-0.21,2.02↗,1.82↗,1.88↗,9.71,5.23,0.13,29.1,19.0,9.65,-0.16,-0.16,19.0,9.65,29.1,-0.03,20M07,20Q1,4高,1高,3高,連3增,19.0,-9.0,-10.0,-6,-9,5.0,-2.0,-2.0,-2,-2,5.0,-2.0,-2.0,-2,-2,-31,26,1,1,1,-8.93,-0.15,-1,8.71,-3,3.09,-1,2.52,0,0.0,0,0.0,-0.0001,-0.0001,-0.0001,-0.0002,-0.0002,-0.0006,0.0,0.0,0.0,0.0,0.0,0.0,-0.0001,-0.0001,-0.0001,-0.0002,-0.0003,-0.0007,-11,-11,-7,-13,-16,-44,-0.0871,-0.0275,-0.0262,-0.0175,-0.0153,0,0,0,0,0,0,0.0,0.0,0.0,0.0,0.0,0.0,-0.0871,-11,-9,-15,-20,-59.95,9.86,20W32,-0.05,-0.01,0.0,0,0,0,-0.02,-0.03,-0.01,0.0,20M08,-0.05,-0.01,0.0,0,0,0,-12.0,-20.0,-10.0,0.0,0.0,0.59,33.99↗,34.08↗,34.83↘,35.58↘,34.58↘,39.81↘,0.16,0.14,0.15,0.13,0.17,126,114↗,98.9↘,133↘,0.0047,0.0019,-0.0196,-0.0401,-0.0123
4303,-5.39,7.0,14.1,7.0,47.2,21.4,8.89,18.3,3.39,6.44,12.2,2.26,20M07,20Q1,-4.08,-30.6,-18.8,3.2,-19.7,-19.5,5.84,5.5,5.5,5.04,6.9,6.9,-85.9,-119.0,-119.0,-9.31,-13.1,-13.1,-914.0,-270.0,-270.0,,1,-5,-5,0.25,2.12,19.9,5.88,-75.2,-8.34,-1.14,19.9,5.88,-75.2,-8.34,-1.14,-0.15,-0.05,0.24,0.04,-0.2,0.24↘,0.31↘,0.31↘,108.0,1.06,-0.11,9.14,2.09,,-0.14,-0.14,2.09,,9.14,0.11,20M07,20Q1,7低,1低,1低,,11.0,17.0,-2.0,-2,-3,3.0,4.0,-2.0,-2,-2,3.0,4.0,-2.0,-2,-2,-12,-44,9,34,-8,-5.39,8.89,0,0.0,0,0.0,-1,1.07,0,0.0,0,0.0,0.0,0.0,0.0,0.0,0.0,-0.0001,0.0,0.0,0.0,0.0,0.0,0.0,0.0,0.0,0.0,0.0,0.0,-0.0001,0,0,0,1,-1,-6,0.0,,0.0233,-0.0033,-0.008,0,0,0,0,0,0,0.0,,,0.0,0.0,0.0,0.0,0,0,1,-1,0.0,16.5,20W32,0.16,0.26,1.59,0,0,1,0.0,-0.1,0.0,-1.33,20M08,0.16,0.26,1.59,0,0,1,-1.0,-73.0,3.0,-931.0,0.0,0.0,20.4↘,20.94↘,21.12↘,20.41↗,19.8↘,20.64↘,0.06,0.05,0.04,0.11,0.12,42,30.2↗,78.4↘,85.5↗,-0.0098,-0.0353,-0.0436,-0.0105,0.0201
4502,9.36,4.98,27.3,4.98,42.1,24.7,42.0,64.3,27.2,29.0,41.6,21.0,20M07,20Q1,77.6,35.8,-33.5,47.6,80.5,71.7,-7.09,-10.2,-10.2,-12.9,-21.1,-21.1,-7.67,-17.2,-17.2,-2.38,-6.75,-6.75,-44.6,-723.0,-723.0,-2.0,-2,-3,-3,1.72,6.69,4.55,-16.7,-15.9,-5.85,-0.81,4.55,-16.7,-15.9,-5.85,-0.81,-1.03,-0.55,1.32,-0.26,-1.59,1.16↗,0.95↗,1↗,3.58,2.51,-0.51,6.62,8.66,5.71,-0.78,-0.78,8.66,5.71,6.62,-1.05,20M07,20Q1,127高,11高,5低,連3增,-19.0,-4.0,-6.0,-9,-21,-4.0,-1.0,-1.0,-1,-5,-4.0,-1.0,-1.0,-1,-5,-11,46,23,-39,27,9.36,9.36,-1,3.7,-1,1.22,-7,6.51,0,0.0,0,0.0,0.0,0.0,0.0,0.0,0.0001,-0.0004,0.0,0.0,0.0,0.0,0.0,0.0,0.0,0.0,0.0,0.0,0.0001,-0.0004,-2,-2,-2,-2,3,-19,-0.037,-0.0122,-0.0085,0.0089,-0.0145,0,0,0,0,0,0,0.0,0.0,0.0,0.0,0.0,0.0,-0.037,-2,-2,-2,3,0.0,25.6,20W32,0.08,0.06,0.07,0,0,0,0.02,0.0,-0.01,0.0,20M08,0.08,0.06,0.07,0,0,0,9.0,0.0,-6.0,0.0,0.0,0.0,53.78↗,53.3↗,52.42↗,52.49↗,50.85↘,52.71↗,0.11,0.14,0.11,0.08,0.14,54,54.5↗,41.7↘,71.1↗,0.0208,0.03,0.0473,0.0459,0.0797
4503,-1.48,3.93,7.85,3.93,40.1,23.6,44.8,65.1,28.3,28.2,40.1,19.7,20M07,20Q1,-6.2,-50.6,-41.4,-8.06,-11.4,-33.5,3.31,6.09,6.09,2.33,-2.32,-2.32,0.95,-4.44,-4.44,-0.23,-1.18,-1.18,-25.0,-62.5,-62.5,-1.0,2,2,-1,0.17,1.35,26.7,7.57,5.44,0.68,0.09,26.7,7.57,5.44,0.68,0.09,0.26,-0.19,-0.16,-0.06,0.07,0.18↘,0.19↘,0.25↘,9.24,0.62,0.1,5.03,1.56,0.05,0.03,0.03,1.56,0.05,5.03,-0.9,20M07,20Q1,70低,8低,9低,連2減,19.0,16.0,27.0,32,35,6.0,6.0,8.0,9,10,6.0,6.0,8.0,9,10,23,-32,-35,-44,20,-1.48,23.1,0,0.0,0,0.0,1,0.53,0,0.0,0,0.0,0.0,0.0,0.0,0.0,0.0001,0.0001,0.0,0.0,0.0,0.0,0.0,0.0,0.0,0.0,0.0,0.0,0.0001,0.0001,0,0,0,1,2,4,0.0,,0.0333,0.04,0.0076,0,0,0,0,0,0,0.0,,,0.0,0.0,0.0,0.0,0,0,1,2,836.0,18.2,20W32,0.09,0.06,0.0,0,0,0,0.03,0.0,0.02,0.04,20M08,0.09,0.06,0.0,0,0,0,12.0,0.0,6.0,15.0,0.0,0.0,20.13↘,20.22↘,20.31↘,19.12↗,18.31↘,21.9↘,0.09,0.08,0.07,0.06,0.13,36,28.4↗,24.2↘,50.8↘,-0.0065,-0.0106,-0.0152,0.0462,0.0923
4529,-5.91,8.28,7.12,8.28,32.8,19.3,-6.29,-8.69,-4.36,-3.72,-5.24,-2.42,20M07,20Q1,-0.59,-4.02,-2.39,-0.69,-1.28,-2.06,-0.01,-0.01,-0.01,1594.0,-365.0,-365.0,13634.0,576.0,576.0,28.1,-1.44,-1.44,87.0,23.2,23.2,,1,1,1,0.01,0.05,99.5,-1281.0,-2089.0,-5.33,-0.53,99.5,-1281.0,-2089.0,-5.33,-0.53,-0.36,0.58,-0.18,0.06,0.22,0.01↘,0.01↘,0.01↘,38.7,0.02,-0.29,7.71,3.6,0.65,0.17,0.17,3.6,0.65,7.71,-0.01,20M07,20Q1,52低,6低,4低,連4減,12.0,-16.0,-20.0,-22,-10,4.0,-4.0,-6.0,-5,-2,4.0,-4.0,-6.0,-5,-2,-12,5,-18,37,-12,-5.91,-10.7,0,0.0,1,2.6,-2,0.51,0,0.0,0,0.0,0.0,0.0001,-0.0003,0.0,-0.0001,-0.0002,0.0,0.0,0.0,0.0,0.0,0.0,0.0,0.0001,-0.0003,0.0,-0.0001,-0.0003,0,9,-22,0,-9,-20,0.0,-0.0343,-0.0001,-0.0042,-0.0058,0,0,0,0,0,0,0.0,0.0,0.0,0.0,0.0,0.0,0.0,9,-22,-3,-12,0.0,26.5,20W32,-0.33,0.0,0.0,-2,0,0,-0.32,-0.01,0.0,0.0,20M08,-0.33,0.0,0.0,-2,0,0,-262.0,-8.0,0.0,0.0,0.0,1.76,9.1↗,8.63↗,8.7↘,9.2↘,9.4↘,13.69↘,0.17,0.32,0.5,0.29,0.22,140,415↗,241↗,173↘,-0.0554,-0.0035,-0.0118,-0.0648,-0.0852
4534,-11.3,8.92,6.33,8.92,27.5,17.4,27.3,39.7,15.9,68.9,94.2,45.4,20M07,20Q1,13.2,-10.2,-26.9,9.37,9.75,-0.08,-5.12,-2.41,-2.41,-3.3,-4.56,-4.56,-2.11,-3.24,-3.24,-0.37,-0.74,-0.74,-33.3,-129.0,-129.0,,-3,-1,-1,0.91,5.75,6.59,-7.33,-5.5,-1.49,-0.16,6.59,-7.33,-5.5,-1.49,-0.16,0.33,-0.08,0.2,0.39,0.25,0.83↗,0.83↗,0.91↘,-36.5,2.53,0.28,9.25,6.75,0.78,0.22,0.22,6.75,0.78,9.25,1.7,20M07,20Q1,66高,8高,8高,連3增,-19.0,-20.0,-24.0,-21,-21,-6.0,-8.0,-9.0,-9,-9,-6.0,-8.0,-9.0,-9,-9,32,10,31,18,11,-11.3,-11.3,-1,1.0,3,1.27,3,0.23,0,0.0,0,0.0,0.0,0.0,0.0,0.0,0.0001,0.0,0.0,0.0,0.0,0.0,0.0,0.0,0.0,0.0,0.0,0.0,0.0001,0.0,-1,1,1,0,6,-1,-0.01,0.0049,0.0,0.0123,-0.0006,0,0,0,0,0,0,0.0,0.0,0.0,0.0,0.0,0.0,-0.01,1,1,0,6,-1477.0,19.4,20W32,-0.26,-0.02,-0.02,-2,0,0,-0.49,0.26,0.0,0.0,20M08,-0.26,-0.02,-0.02,-2,0,0,-441.0,231.0,0.0,0.0,0.0,1.49,7.13↗,7.15↗,7.43↘,7.44↘,7.02↘,7.64↘,0.11,0.09,0.08,0.09,0.11,100,68.8↘,77.6↘,99.2↗,-0.0042,-0.0067,-0.0442,-0.0452,0.0108
5202,-2.58,5.91,8.92,5.91,32.9,19.8,93.2,133.0,70.9,187.0,253.0,137.0,20M07,20Q1,118.0,144.0,-0.64,67.5,114.0,84.4,-4.48,1.84,1.84,-58.8,-41.7,-41.7,-118.0,-41.9,-41.9,-10.4,-1.79,-1.79,-219.0,-111.0,-111.0,-1.0,-1,-1,-1,0.38,1.22,62.8,-64.1,-63.3,-3.49,-0.38,62.8,-64.1,-63.3,-3.49,-0.38,-0.52,-0.03,-0.06,-0.61,-0.55,0.23↗,0.18↗,0.2↗,-2.3,0.37,-0.31,6.65,0.7,,-0.32,-0.32,0.7,,6.65,-0.48,20M07,20Q1,4高,1高,10低,連3增,-12.0,-1.0,-4.0,-8,-7,-3.0,-1.0,-1.0,-1,-1,-3.0,-1.0,-1.0,-1,-1,-3,-32,-17,-10,-34,-2.58,3.78,0,0.0,0,0.0,2,25.5,0,0.0,0,0.0,0.0,0.0,0.0,0.0,0.0052,0.0053,0.0,0.0,0.0,0.0,0.0,0.0,0.0,0.0,0.0,0.0,0.0052,0.0053,0,0,0,0,309,314,0.0,,0.0,0.674,0.615,0,0,0,0,0,0,0.0,,,0.0,0.0,0.0,0.0,0,0,1,308,0.0,13.6,20W32,0.27,0.06,0.06,0,0,0,-0.3,0.5,0.0,0.0,20M08,0.27,0.06,0.06,0,0,0,-176.0,297.0,0.0,0.0,0.0,0.0,15.4↘,15.67↘,15.27↘,14.93↗,13.52↗,14.45↘,0.01,0.02,0.02,0.1,0.07,3,10.2↘,59.1↘,41.9↗,-0.0195,-0.0367,-0.0111,0.0111,0.117
5205,-27.4,1.8,1.39,1.8,30.7,19.2,-18.6,-27.5,-12.0,-21.4,-30.9,-15.0,20M07,20Q2,-32.9,7659.0,896.0,-28.7,-4.9,87.7,-96.3,-19.7,-24.5,6070.0,269.0,475.0,5937.0,357.0,494.0,-75.2,-87.3,-95.7,9.52,32.1,6.98,,2,2,-1,0.02,0.13,3.66,-29.8,-29.8,-140.0,-0.19,4.21,-64.6,-63.8,-167.0,-0.4,-0.17,-0.04,-0.02,-0.23,-0.21,0.03↘,0.02↗,0.01↗,-0.06,0.11,-0.03,0.01,0.28,,-0.04,-0.08,0.28,,0.01,-0.12,20M07,20Q2,72低,6低,5低,連3減,-6.0,-40.0,40.0,35,-2,-4.0,-10.0,10.0,8,-1,-4.0,-10.0,-9.0,9,-1,40,-38,-24,-38,-2,-27.4,19.8,0,0.0,0,0.0,0,0.0,0,0.0,0,0.0,0.0,0.0,0.0,0.0,0.0,0.0,0.0,0.0,0.0,0.0,0.0,0.0,0.0,0.0,0.0,0.0,0.0,0.0,0,0,0,0,0,0,0.0,,,,,0,0,0,0,0,0,0.0,,,,,,0.0,0,0,0,0,0.0,2.17,20W32,0.0,0.0,0.0,0,0,0,0.0,0.0,0.0,0.0,20M08,0.0,0.0,0.0,0,0,0,0.0,0.0,0.0,0.0,0.0,0.0,7.76↗,7.63↗,7.66↘,8.28↗,7.84↘,8.73↘,0.03,0.01,0.01,0.02,0.01,5,2↘,2.88↗,2.76↗,-0.0082,0.0096,0.0058,-0.0703,-0.0179
5302,-3.16,16.2,10.5,16.2,37.2,29.6,-26.4,-39.2,-20.6,-24.0,-37.0,-17.8,20M07,20Q1,156.0,-13.3,-50.8,47.3,46.9,-3.92,-6.19,-5.69,-5.69,-128.0,-129.0,-129.0,-75.8,-104.0,-104.0,0.32,-0.14,-0.14,27.3,-14.3,-14.3,,-1,-1,1,0.03,0.15,32.4,-275.0,-197.0,-0.95,-0.08,32.4,-275.0,-197.0,-0.95,-0.08,-0.09,0.0,0.06,-0.04,-0.09,0.02↗,0.02↗,0.03↘,-39.4,0.07,-0.16,15.1,2.09,0.66,-0.16,-0.16,2.09,0.66,15.1,-0.44,20M07,20Q1,10低,1低,1低,,47.0,-1.0,-6.0,43,48,10.0,-1.0,-1.0,10,10,12.0,-1.0,-1.0,11,11,-30,36,31,-41,-33,-3.16,16.2,-1,5.75,-2,4.04,-1,4.04,0,0.0,0,0.0,-0.0001,-0.0001,-0.0001,-0.0002,-0.0004,-0.0002,0.0,0.0,0.0,0.0,0.0,0.0,-0.0001,-0.0001,-0.0001,-0.0002,-0.0004,-0.0002,-18,-14,-21,-34,-58,-36,-0.0575,-0.0253,-0.0261,-0.0235,-0.0033,0,0,0,0,0,0,0.0,0.0,0.0,0.0,0.0,0.0,-0.0575,-14,-21,-34,-58,-5810.0,14.3,20W32,0.25,0.07,0.0,2,0,0,0.28,-0.1,0.0,0.08,20M08,0.25,0.07,0.0,2,0,0,452.0,-160.0,-4.0,124.0,0.0,0.0,6.55↘,6.57↗,6.6↘,6.16↗,5.99↗,5.75↗,0.19,0.17,0.16,0.15,0.31,313,260↗,246↘,488↘,-0.0171,-0.0199,-0.0244,0.0461,0.0748
5310,29.6,4.96,5.21,4.96,30.6,24.3,-21.2,-32.2,-14.6,-14.2,-24.5,-8.47,20M07,20Q1,-41.9,-83.9,-53.0,-15.7,-44.0,-67.5,6.83,11.2,11.2,-12.1,23.0,23.0,38.8,-7.28,-7.28,12.3,-8.02,-8.02,53.9,1.41,1.41,,-3,1,1,0.06,0.88,6.72,-59.5,-62.8,-17.4,-0.7,6.72,-59.5,-62.8,-17.4,-0.7,-0.68,0.08,-0.45,-1.05,-0.59,0.07↗,0.11↘,0.19↘,4.97,0.54,-0.33,1.77,1.71,0.5,-0.29,-0.29,1.71,0.5,1.77,-1.14,20M07,20Q1,3低,1低,1低,,-11.0,-2.0,-4.0,-17,-6,-3.0,-2.0,-1.0,-3,-2,-3.0,-2.0,-1.0,-3,-2,-29,37,-24,-18,-44,29.6,-16.0,0,0.0,0,0.0,0,0.0,0,0.0,0,0.0,0.0,0.0,0.0,0.0,0.0,0.0,0.0,0.0,0.0,0.0,0.0,0.0,0.0,0.0,0.0,0.0,0.0,0.0,0,0,0,0,0,0,0.0,,,,0.0,0,0,0,0,0,0,0.0,,,,,0.0,0.0,0,0,0,0,-70.0,7.41,20W32,-1.08,-1.79,0.98,2,0,1,0.8,-0.09,0.91,-3.68,20M08,-1.08,-1.79,0.98,2,0,1,398.0,-47.0,451.8,-1825.0,0.0,0.0,10.86↗,9.95↗,8.53↗,9.54↘,11.79↘,16.7↘,0.8,0.91,1.21,1.65,1.55,399,598↘,816↘,774↘,-0.0331,0.0556,0.231,0.101,-0.109
5314,-9.72,6.0,3.46,6.0,29.0,23.9,-8.4,-11.1,-6.02,-48.4,-64.3,-33.0,20M07,20Q1,-16.4,-35.6,-60.4,-3.82,29.2,2.31,-33.9,-58.2,-58.2,-135.0,-273.0,-273.0,-85.7,-256.0,-256.0,2.85,-5.67,-5.67,39.3,-950.0,-950.0,,-4,-4,1,0.03,0.14,-0.89,-275.0,-249.0,-5.23,-0.17,-0.89,-275.0,-249.0,-5.23,-0.17,-0.17,0.24,0.0,0.06,0.07,0.03↗,0.02↗,0.03↘,-10.2,0.04,-0.1,1.93,0.08,,0.04,0.04,0.08,,1.93,-0.69,20M07,20Q1,7低,1低,1低,3增→減,-2.0,-1.0,-2.0,-38,-16,-1.0,-1.0,-1.0,-10,-4,-1.0,-1.0,-1.0,-10,-4,-30,19,-38,44,-7,-9.72,32.1,0,0.0,0,0.0,1,0.34,0,0.0,0,0.0,0.0,0.0,0.0,0.0,-0.0002,-0.0013,0.0,0.0,0.0,0.0,0.0,0.0,0.0,0.0,0.0,0.0,-0.0002,-0.0013,0,0,0,0,-15,-79,0.0,,,-0.127,-0.205,0,0,0,0,0,0,0.0,,,,0.0,0.0,0.0,0,0,0,-15,0.0,13.8,20W32,0.16,0.24,0.24,0,0,0,0.29,-0.36,0.0,0.0,20M08,0.16,0.24,0.24,0,0,0,171.0,-215.0,0.0,0.0,0.0,0.0,5.87↘,5.95↘,5.74↗,5.16↗,4.99↘,5.24↗,0.13,0.08,0.06,0.07,0.06,81,38.6↗,43.9↗,36↗,-0.0194,-0.0318,0.0027,0.117,0.154
5345,-11.5,4.5,4.66,4.5,29.8,22.4,-5.22,-7.61,-3.79,-2.56,-4.26,-1.6,20M07,20Q1,-30.8,3064.0,3020.0,13.4,109.0,276.0,-59.1,5.64,5.64,-2221.0,13016.0,13016.0,-3418.0,-17124.0,-17124.0,-2.84,-40.6,-40.6,34.3,-905.0,-905.0,,-1,-1,-2,0.05,0.14,6.41,-5591.0,-9477.0,-37.2,-1.61,6.41,-5591.0,-9477.0,-37.2,-1.61,-0.9,0.1,-0.04,-0.84,-0.81,0.04↗,0.02↗,0.01↗,41.0,0.01,-0.41,1.59,0.34,,-0.36,-0.36,0.34,,1.59,-0.57,20M07,20Q1,34低,3低,2低,3增→減,-27.0,-4.0,-3.0,-8,-1,-7.0,-2.0,-1.0,-1,-1,-7.0,-2.0,-1.0,-1,-1,-14,23,-40,-12,-17,-11.5,104.0,0,0.0,0,0.0,0,0.0,0,0.0,0,0.0,0.0,0.0,0.0,0.0,0.0,-0.0001,0.0,0.0,0.0,0.0,0.0,0.0,0.0,0.0,0.0,0.0,0.0,-0.0001,0,0,0,0,0,-3,0.0,,0.0,0.0,-0.0053,0,0,0,0,0,0,0.0,,,0.0,0.0,0.0,0.0,0,0,-1,-2,0.0,48.3,20W32,0.12,0.06,0.0,0,0,0,0.04,0.02,0.04,0.02,20M08,0.12,0.06,0.0,0,0,0,19.0,7.0,18.0,8.0,0.0,0.0,10.53↘,10.68↘,11.06↘,9.2↗,7.12↗,6.31↗,0.01,0.03,0.03,0.04,0.08,6,13.8↘,18.5↘,34.9↘,-0.0171,-0.0304,-0.064,0.125,0.455
5398,-26.1,5.0,10.4,5.0,42.1,20.8,-41.3,-55.8,-29.2,-196.0,-264.0,-149.0,20M07,20Q1,-4.89,-20.5,-20.9,-0.52,-5.1,-12.9,-2.04,7.17,7.17,-5.4,5.71,5.71,-15.7,5.91,5.91,-3.4,1.0,1.0,-84.4,275.0,275.0,1.0,-1,-1,-1,0.27,2.0,36.3,3.42,4.01,0.63,0.07,36.3,3.42,4.01,0.63,0.07,-0.16,0.12,-0.03,-0.07,-0.04,0.27↘,0.29↘,0.31↘,22.1,0.88,-0.08,5.64,0.83,,-0.02,-0.02,0.83,,5.64,0.25,20M07,20Q1,89高,9高,7高,,3.0,30.0,32.0,31,32,2.0,9.0,9.0,7,7,2.0,9.0,9.0,7,7,-24,8,-15,-41,38,-26.1,-16.6,1,24.6,-2,28.4,-1,28.4,0,0.0,0,0.0,0.0001,-0.0001,-0.0007,-0.0016,-0.0016,0.0032,0.0,0.0,0.0,0.0,0.0,0.0,0.0001,-0.0001,-0.0007,-0.0016,-0.0016,0.0033,6,-7,-37,-81,-78,162,0.246,-0.272,-0.348,-0.237,0.166,0,0,0,0,0,0,0.0,0.0,0.0,0.0,0.0,0.0,0.246,-7,-37,-81,-78,-2070.0,15.4,20W32,-0.02,-0.09,0.0,0,0,0,0.07,0.0,-0.09,0.0,20M08,-0.02,-0.09,0.0,0,0,0,37.0,0.0,-47.0,0.0,0.0,0.0,21.77↘,22.84↘,24.03↘,24.8↘,25.22↘,24.02↗,0.05,0.09,0.09,0.07,0.12,24,46.6↘,36.5↘,52.5↘,-0.0423,-0.0869,-0.132,-0.159,-0.173
5450,35.9,12.2,23.6,12.2,31.0,0.2,-108.0,-150.0,-75.0,235.0,339.0,149.0,20M07,20Q1,-5.0,-16.6,-12.7,-5.87,-8.21,-8.53,-2.21,-0.94,-0.94,-4.87,-3.13,-3.13,3.16,-2.33,-2.33,1.98,-1.45,-1.45,106.0,-93.3,-93.3,,-1,1,1,2.06,15.1,24.1,0.46,0.24,0.13,0.01,24.1,0.46,0.24,0.13,0.01,-0.15,-0.33,0.57,0.06,-0.47,2.18↘,2.24↗,2.25↘,62.7,6.03,-0.21,11.4,8.98,6.08,-0.68,-0.68,8.98,6.08,11.4,-6.79,20M07,20Q1,69高,4高,5高,連4減,25.0,-40.0,-37.0,-40,-39,7.0,11.0,-10.0,-10,-10,7.0,11.0,-10.0,-10,-10,-22,-17,7,34,7,35.9,30.8,-1,2.33,-1,0.88,0,0.0,0,0.0,0,0.0,0.0,0.0,0.0,-0.0001,0.0,0.0001,0.0,0.0,0.0,0.0,0.0,0.0,0.0,0.0,0.0,-0.0001,0.0,0.0001,-4,-4,-2,-7,0,11,-0.0233,-0.0062,-0.0046,0.0,0.0013,0,0,0,0,0,0,0.0,0.0,0.0,0.0,0.0,0.0,-0.0233,-4,-2,-7,0,0.0,74.9,20W32,0.08,-0.01,-0.06,0,0,0,-0.09,0.19,0.05,0.0,20M08,0.08,-0.01,-0.06,0,0,0,-115.0,229.0,59.0,0.0,0.0,0.0,20.1↗,20.22↘,18.91↗,15.9↗,15.24↗,16.82↘,0.14,0.16,0.29,0.29,0.34,172,360↘,353↘,429↗,-0.0398,-0.0453,0.0206,0.214,0.266
5457,22.0,17.0,164.0,17.0,29.8,19.9,57.0,81.2,38.3,55.7,77.9,37.5,20M07,20Q2,14.9,49.9,94.4,12.6,11.9,7.44,-0.73,3.56,4.2,-1.04,6.8,8.25,-0.42,4.32,5.31,0.3,4.48,10.6,10.6,236.0,411.0,1.0,-1,-1,1,13.4,79.0,20.0,11.0,8.12,7.04,0.94,20.4,11.5,8.31,13.9,1.79,-2.91,-3.43,4.63,-1.87,-6.34,11.9↗,12↗,12.5↗,-1.34,34.9,-4.87,40.9,66.5,2.35,-10.6,-2.35,66.5,2.35,40.9,-5.48,20M07,20Q2,5高,1高,1高,連2增,30.0,11.0,18.0,3,7,8.0,4.0,4.0,1,2,7.0,3.0,3.0,1,1,-1,-3,1,-2,4,22.0,33.2,1,10.8,3,5.78,1,5.39,-2,4.03,-1,4.03,0.0058,0.0043,0.0067,0.0097,0.0438,0.0208,-0.0023,-0.0046,-0.0034,0.0028,0.0281,0.0318,0.0036,-0.0007,0.0027,0.0087,0.0716,0.0541,986,730,1131,1640,7436,3527,0.108,0.0429,0.0301,0.0634,0.017,-391,-787,-579,469,4765,5386,-0.0427,-0.0403,-0.022,0.0086,0.0406,0.0259,0.0664,-121,461,1469,12141,0.0,35.4,20W32,4.44,4.22,4.38,3,2,3,-0.11,0.34,-0.14,-0.03,20M08,4.44,4.22,4.38,3,2,3,-189.5,575.0,-235.1,-47.23,9.05,13.4,103↘,97.07↗,90.49↗,85.04↗,76.22↗,75.2↗,5.41,5.18,6.43,6.92,5.57,9166,10901↘,11732↗,9657↗,-0.0584,-0.0007,0.0719,0.141,0.273
5498,-5.42,16.5,18.7,16.5,23.5,19.4,45.0,58.0,34.0,37.2,47.4,26.7,20M07,20Q1,14.8,-13.1,-6.97,2.72,-0.24,-4.97,-2.47,2.34,2.34,-4.65,1.33,1.33,-6.24,3.22,3.22,-1.22,0.51,0.51,-75.0,300.0,300.0,1.0,-2,-2,-2,0.95,6.61,12.6,0.88,2.47,0.39,0.04,12.6,0.88,2.47,0.39,0.04,0.29,-0.27,0.34,0.37,0.03,0.93↘,0.96↗,1↘,79.4,2.74,0.54,17.3,8.66,4.0,0.05,0.05,8.66,4.0,17.3,-1.78,20M07,20Q1,72高,5高,6高,2減→增,-32.0,-19.0,-39.0,-37,-37,-9.0,-5.0,10.0,9,9,-9.0,-5.0,10.0,9,9,23,-33,17,8,20,-5.42,6.07,-1,7.25,-1,4.7,2,0.77,0,0.0,0,0.0,-0.0003,-0.0003,-0.0003,0.0007,0.002,-0.0006,0.0,0.0,0.0,0.0,0.0,0.0,-0.0003,-0.0003,-0.0003,0.0007,0.002,-0.0006,-53,-51,-57,111,329,-102,-0.0725,-0.0368,0.0424,0.0639,-0.0043,0,0,0,0,0,0,0.0,0.0,0.0,0.0,0.0,0.0,-0.0725,-51,-57,111,329,0.0,13.3,20W32,-0.14,0.44,0.0,-2,2,0,-0.08,-0.5,0.47,-0.03,20M08,-0.14,0.44,0.0,-2,2,0,-132.9,-821.0,770.0,-42.0,0.0,0.33,11.64↘,11.62→,11.72↘,11.67↗,10.62↗,11.28↗,0.44,0.31,0.32,0.31,0.66,731,524↘,515↘,1066↘,-0.0249,-0.0232,-0.0315,-0.0272,0.0688
5607,0.2,23.0,58.6,23.0,29.1,15.7,11.4,14.3,9.45,10.4,13.5,8.3,20M07,20Q1,11.7,10.8,6.56,4.86,8.25,-15.1,9.24,1.56,1.56,11.2,1.95,1.95,7.57,2.11,2.11,0.3,-0.39,-0.39,9.37,-16.7,-16.7,3.0,1,1,1,1.65,10.5,55.2,34.9,23.7,1.54,0.35,55.2,34.9,23.7,1.54,0.35,0.2,-2.1,0.01,-1.89,-1.9,1.58↗,1.53↗,1.95↗,-17.5,4.29,0.47,66.5,9.25,21.9,-4.34,-4.34,9.25,21.9,66.5,-8.37,20M07,20Q1,3高,1高,1高,,12.0,11.0,23.0,34,44,3.0,3.0,6.0,9,-10,3.0,3.0,6.0,9,-10,-29,-7,28,-1,11,0.2,15.9,1,11.9,4,5.94,3,2.4,0,0.0,0,0.0,0.0004,0.0004,-0.0001,0.0013,0.0035,0.0033,0.0,0.0,0.0,0.0,0.0,0.0,0.0004,0.0003,-0.0001,0.0013,0.0035,0.0033,95,83,-15,297,812,770,0.119,-0.0096,0.0815,0.102,0.0423,0,0,0,0,0,0,0.0,0.0,0.0,0.0,0.0,0.0,0.115,77,-21,295,810,-45.0,17.3,20W32,-0.03,0.07,-0.46,-1,1,-1,-0.2,0.11,0.15,0.38,20M08,-0.03,0.07,-0.46,-1,1,-1,-464.6,254.3,343.1,864.9,0.0,0.0,25.27↘,25.76↗,25.7↘,24.81↗,22.84↗,23.15↗,0.35,0.23,0.32,0.35,0.36,800,729↗,796↘,840↗,0.0091,-0.0101,-0.0079,0.0277,0.116
6020,1.4,25.2,36.5,25.2,32.2,17.6,43.8,50.2,39.7,27.8,31.4,25.4,20M07,20Q1,139.0,146.0,68.2,80.6,279.0,363.0,,,,,,,,,,-4.93,-4.84,-4.84,-285.0,-300.0,-300.0,1.0,0,0,-1,1.15,1.73,,,,-3.2,-0.5,,,,-3.2,-0.5,0.5,0.02,0.0,0.52,0.52,0.64↗,0.3↗,0.25↗,-2.6,-0.81,1.24,38.3,23.3,,1.3,1.3,23.3,,38.3,1.05,20M07,20Q1,19高,4高,10低,連2增,,,,-4,-4,,,,-2,-2,,,,-2,-2,27,27,-24,23,6,1.4,17.5,1,3.33,1,0.81,-1,1.28,0,0.0,0,0.0,0.0,0.0,0.0,0.0,0.0,-0.0001,0.0,0.0,0.0,0.0,0.0,0.0,0.0,0.0,0.0,0.0,0.0,-0.0001,1,1,-8,-9,-7,-37,0.0333,-0.0567,-0.0209,-0.0102,-0.0184,0,0,0,0,0,0,0.0,0.0,0.0,0.0,0.0,0.0,0.0333,1,-8,-9,-7,0.0,26.3,20W32,0.03,-0.03,-0.36,1,0,-1,0.06,0.0,0.0,0.33,20M08,0.03,-0.03,-0.36,1,0,-1,163.0,0.0,0.0,825.1,0.0,0.0,14.67↘,14.54↗,14.32↗,13.13↗,12.69↗,12.81↗,0.01,0.03,0.04,0.04,0.05,30,105↘,104↘,117↘,-0.015,-0.0062,0.0093,0.1,0.139
6101,-8.29,11.6,32.8,11.6,30.8,19.4,-40.9,-61.9,-24.0,165.0,247.0,98.0,20M07,20Q1,-37.0,-99.3,-84.7,-72.4,-90.2,-97.6,-2.66,-11.7,-11.7,-183.0,-184.0,-184.0,-173.0,-194.0,-194.0,-0.18,-1.36,-1.36,-11.1,-267.0,-267.0,,-1,-5,-3,0.0,0.24,25.9,-178.0,-183.0,-0.89,-0.1,25.9,-178.0,-183.0,-0.89,-0.1,0.0,0.03,0.0,0.03,0.03,0.01↘,0.03↘,0.12↘,2.6,0.06,-0.01,13.1,0.61,0.0,0.03,0.03,0.61,0.0,13.1,2.43,20M07,20Q1,8低,2低,2低,連3減,8.0,-5.0,-5.0,-33,-34,4.0,-1.0,-1.0,-8,-9,4.0,-1.0,-1.0,-8,-9,-37,13,-32,-42,11,-8.29,10.6,0,0.0,2,2.86,1,2.86,0,0.0,0,0.0,0.0,0.0,0.0,0.0,0.0,-0.0001,0.0,0.0,0.0,0.0,0.0,0.0,0.0,0.0,0.0,0.0,0.0,-0.0001,0,2,2,2,3,-9,0.0,0.0661,0.0661,0.0745,-0.0105,0,0,0,0,0,0,0.0,0.0,0.0,0.0,0.0,0.0,0.0,2,1,1,2,0.0,21.2,20W32,-0.03,-0.35,0.14,0,-1,0,0.01,0.32,-0.49,0.0,20M08,-0.03,-0.35,0.14,0,-1,0,6.0,369.0,-570.0,0.0,0.0,0.0,28↗,28.02↗,28.57↘,29.81↗,28.29↘,35.28↘,0.03,0.02,0.01,0.01,0.04,37,16.5↗,15.2↘,44↘,0.0071,0.0064,-0.0131,-0.054,-0.0031
6118,0.44,9.09,10.4,9.09,24.8,18.8,-94.0,-139.0,-68.0,-63.2,-98.5,-42.8,20M07,20Q1,7.04,14.6,18.7,3.49,5.45,9.37,0.84,0.23,0.23,0.36,1.56,1.56,0.15,1.39,1.39,0.35,2.54,2.54,200.0,129.0,129.0,,1,1,1,7.34,48.7,4.46,0.46,0.26,0.57,0.06,4.46,0.46,0.26,0.57,0.06,-0.48,0.08,0.43,0.03,-0.4,7.09↗,6.96↗,6.71↗,-25.8,20.8,-0.43,9.54,15.0,,-0.36,-0.36,15.0,,9.54,-0.27,20M07,20Q1,100高,11高,9高,,27.0,29.0,-39.0,-38,-40,8.0,8.0,-8.0,-8,-9,8.0,8.0,-8.0,-8,-9,-28,17,33,39,-13,0.44,40.2,-1,12.5,-1,2.59,-1,0.38,0,0.0,0,0.0,-0.0011,-0.0004,-0.0002,-0.0003,0.0004,0.0005,0.0,0.0,0.0,0.0,0.0,0.0,-0.0011,-0.0004,-0.0002,-0.0003,0.0004,0.0006,-96,-38,-16,-28,35,46,-0.125,-0.0089,-0.0111,0.0073,0.002,0,0,0,0,0,0,0.0,0.0,0.0,0.0,0.0,0.0,-0.125,-38,-16,-28,37,0.0,31.6,20W32,0.16,-0.04,0.0,2,0,0,0.65,-0.46,-0.04,0.0,20M08,0.16,-0.04,0.0,2,0,0,592.0,-417.0,-34.0,0.0,0.0,0.0,11.26↗,11.21↗,11.31↘,10.31↗,9.06↗,9.69↗,0.85,0.66,0.55,0.53,1.16,770,503↗,478↗,982↘,0.0124,0.0169,0.008,0.106,0.259
6127,-2.95,10.8,17.8,10.8,28.7,18.6,-107.0,-161.0,-72.2,-39.0,-61.5,-24.6,20M07,20Q1,-1.43,42.2,30.8,-4.3,6.49,6.8,-5.54,26.4,26.4,-15.8,39.1,39.1,-14.1,32.1,32.1,-2.18,2.2,2.2,-2400.0,58.3,58.3,,-1,-1,-1,0.75,4.86,14.5,-7.31,-14.7,-2.29,-0.25,14.5,-7.31,-14.7,-2.29,-0.25,0.39,-0.72,0.26,-0.08,-0.33,0.78↗,0.7↗,0.7↗,58.6,1.83,0.42,11.6,7.96,8.67,-0.36,-0.36,7.96,8.67,11.6,-3.11,20M07,20Q1,70高,7高,7高,連2減,-25.0,-20.0,-13.0,-15,-12,-9.0,-7.0,-8.0,-7,-6,-9.0,-7.0,-8.0,-7,-6,27,-21,31,-38,39,-2.95,-7.06,-1,26.8,-1,0.69,2,1.08,0,0.0,0,0.0,-0.0027,-0.0003,0.0004,0.0013,0.0075,0.0005,0.0,0.0,0.0,0.0,0.0,0.0,-0.0027,-0.0003,0.0004,0.0013,0.0075,0.0005,-293,-33,47,136,813,51,-0.268,0.0081,0.018,0.0752,0.0019,0,0,0,0,0,0,0.0,0.0,0.0,0.0,0.0,0.0,-0.268,-33,47,136,813,0.0,11.3,20W32,0.37,0.31,0.0,-1,0,0,-0.58,0.65,-0.49,0.79,20M08,0.37,0.31,0.0,-1,0,0,-629.7,701.7,-528.0,857.0,0.0,0.08,16.56↗,16.26↗,16.35↘,16.98↘,15.8↗,15.35↗,1.01,1.79,1.4,1.0,1.15,1092,1512↗,1082↘,1068↘,-0.0066,0.0117,0.0063,-0.031,0.0412
6129,-0.14,18.1,13.0,18.1,34.2,18.6,-22.4,-29.1,-17.3,-24.0,-31.4,-18.0,20M07,20Q1,6.17,-4.17,-13.9,7.72,9.06,8.53,0.34,-0.59,-0.59,-10.5,-2.85,-2.85,-24.6,-25.6,-25.6,-2.66,-2.84,-2.84,-312.0,-1000.0,-1000.0,,-3,-2,-2,0.91,5.59,35.9,-15.3,-28.7,-3.24,-0.33,35.9,-15.3,-28.7,-3.24,-0.33,0.05,-0.04,-0.15,-0.14,0.02,0.85↘,0.84↗,0.84↘,44.9,2.12,0.1,18.5,2.13,0.91,0.03,0.03,2.13,0.91,18.5,0.07,20M07,20Q1,45低,3低,3低,連2增,35.0,-2.0,-1.0,-4,-2,9.0,-2.0,-1.0,-1,-1,9.0,-2.0,-1.0,-1,-1,-25,29,-20,-39,-28,-0.14,17.0,-1,1.44,1,0.6,-5,1.44,0,0.0,0,0.0,0.0,0.0,0.0,-0.0002,-0.0002,-0.0006,0.0,0.0,0.0,0.0,0.0,0.0,0.0,0.0,0.0,-0.0002,-0.0002,-0.0006,-4,3,-4,-31,-29,-114,-0.0144,-0.0052,-0.023,-0.0087,-0.007,0,0,0,0,0,0,0.0,0.0,0.0,0.0,0.0,0.0,-0.0144,3,-4,-31,-29,0.0,10.2,20W32,-0.04,0.01,0.03,0,0,0,-0.15,0.1,-0.01,-0.01,20M08,-0.04,0.01,0.03,0,0,0,-270.0,177.0,-15.0,-22.0,0.0,0.04,7.16↗,7.16↗,7.18↘,6.62↗,6.39↘,7.3↘,0.15,0.14,0.15,0.18,0.41,277,270↘,332↘,738↘,0.0008,0.0018,-0.0018,0.0835,0.122
6148,5.39,4.7,5.05,4.7,28.6,18.5,-27.5,-35.0,-20.6,695.0,889.0,515.0,20M07,20Q1,-45.9,96.1,-19.9,-24.1,-37.5,-27.2,-13.3,-11.5,-11.5,-4.73,10.4,10.4,-6.16,5.32,5.32,-1.36,1.23,1.23,-56.0,467.0,467.0,-1.0,-1,-1,-1,0.37,3.74,16.6,4.16,3.12,1.0,0.11,16.6,4.16,3.12,1.0,0.11,-1.03,1.09,-0.84,-0.78,0.06,0.49↘,0.6↗,0.51↗,6.24,1.59,-0.47,5.01,2.87,0.73,0.03,0.03,2.87,0.73,5.01,1.33,20M07,20Q1,86低,7低,8低,,26.0,22.0,21.0,27,38,7.0,5.0,5.0,6,-10,7.0,5.0,5.0,6,-10,-25,18,-23,-20,-37,5.39,3.86,-1,2.94,3,0.29,3,0.15,0,0.0,0,0.0,-0.0001,0.0001,0.0,0.0,0.0002,0.0002,0.0,0.0,0.0,0.0,0.0,0.0,-0.0001,0.0001,0.0,0.0,0.0002,0.0002,-5,4,-2,0,8,8,-0.0294,-0.0032,0.0,0.0045,0.0034,0,0,0,0,0,0,0.0,0.0,0.0,0.0,0.0,0.0,-0.0294,4,-2,0,8,0.0,11.9,20W32,-0.01,-0.47,0.09,-1,-1,0,-0.38,0.84,-0.56,0.0,20M08,-0.01,-0.47,0.09,-1,-1,0,-178.8,395.0,-263.5,2.0,0.0,0.0,10.86→,10.65↗,10.46↗,10.24↗,9.6↗,10.21↘,0.36,0.44,0.3,0.42,0.3,170,140↘,195↘,145↗,-0.0101,0.0092,0.0277,0.05,0.12
6165,19.8,5.32,21.6,5.32,47.3,17.0,-56.9,-102.0,-28.0,-63.5,-121.0,-36.3,20M07,20Q1,-68.3,-76.8,-37.9,-48.8,-63.1,-64.3,-0.57,-1.51,-1.51,70.8,-375.0,-375.0,1572.0,-405.0,-405.0,1.84,-0.36,-0.36,65.2,-60.0,-60.0,,1,1,1,0.0,0.01,7.46,-1186.0,-697.0,-0.94,-0.08,7.46,-1186.0,-697.0,-0.94,-0.08,-0.03,2.44,0.0,2.4,2.41,0↘,0↘,0↘,-70.2,0.01,-0.02,3.96,0.2,,1.13,1.13,0.2,,3.96,0.06,20M07,20Q1,1低,1低,1低,2增→減,-13.0,-5.0,-5.0,34,37,-3.0,-1.0,-1.0,9,10,-3.0,-1.0,-1.0,9,10,-38,4,-32,5,23,19.8,50.3,12,29.4,3,29.4,3,13.4,0,0.0,0,0.0,0.0011,0.0027,0.005,0.0162,0.0381,0.05,0.0,0.0,0.0,0.0,0.0,0.0,0.0011,0.0027,0.005,0.0162,0.0381,0.05,60,142,267,862,2026,2663,0.0975,0.15,0.2,0.247,0.225,0,0,0,0,0,0,0.0,0.0,0.0,0.0,0.0,0.0,0.0975,142,267,862,2026,0.0,0.07,20W32,0.55,1.65,1.69,-1,1,1,-0.3,-0.8,1.69,-1.73,20M08,0.55,1.65,1.69,-1,1,1,-159.6,-426.0,900.3,-921.3,0.0,0.0,40.07↗,37.84↗,35.56↗,32.49↗,27.18↗,20.5↗,1.16,1.11,1.62,1.54,1.01,615,863↘,820↘,546↗,0.0107,0.0704,0.139,0.247,0.49
6167,-4.22,16.2,11.4,16.2,28.9,18.4,8.45,10.5,6.5,7.36,8.94,6.0,20M07,20Q1,-5.74,-30.9,-24.3,-3.37,-1.05,-8.11,-4.24,-0.6,-0.6,-4.44,-2.37,-2.37,-0.5,1.14,1.14,-0.36,-0.03,-0.03,-18.8,8.33,8.33,,-2,-2,-2,1.31,9.25,15.8,2.98,5.46,1.49,0.13,15.8,2.98,5.46,1.49,0.13,0.31,-0.02,0.0,0.24,0.29,1.35↗,1.32↘,1.42↘,45.8,3.91,0.51,14.4,3.21,1.2,0.47,0.47,3.21,1.2,14.4,-0.18,20M07,20Q1,70低,6低,6低,2增→減,37.0,-32.0,29.0,40,-40,8.0,-10.0,3.0,6,7,8.0,-10.0,3.0,6,7,32,29,35,24,26,-4.22,6.03,-1,0.49,4,0.57,3,0.27,0,0.0,0,0.0,0.0,0.0,0.0,0.0,0.0,0.0001,0.0,0.0,0.0,0.0,0.0,0.0,0.0,0.0,0.0,0.0,0.0,0.0001,-1,1,7,1,3,16,-0.0049,0.0125,0.0012,0.0016,0.0038,0,0,0,0,0,0,0.0,0.0,0.0,0.0,0.0,0.0,-0.0049,1,7,1,0,0.0,16.6,20W32,0.02,-0.03,0.0,0,0,0,0.02,0.04,-0.02,0.0,20M08,0.02,-0.03,0.0,0,0,0,25.0,58.0,-31.0,-7.0,0.0,0.0,7.13↘,7.12↗,7.1↘,7.02↗,6.55↗,7.09↘,0.13,0.11,0.1,0.11,0.12,206,170↘,185↗,193↘,-0.014,-0.0132,-0.01,0.0018,0.0725
6169,-28.7,2.34,8.7,2.34,31.3,18.4,-10.0,-16.9,-6.4,-14.7,-25.4,-8.44,20M07,20Q1,-81.0,-70.3,7.31,-75.1,-79.0,-80.5,-19.8,0.85,0.85,-41.4,61.4,61.4,-63.0,14.7,14.7,-17.4,0.89,0.89,-160.0,-20.8,-20.8,,-1,-1,-1,0.03,1.03,45.2,-5.84,-27.0,-6.45,-0.58,45.2,-5.84,-27.0,-6.45,-0.58,1.0,0.96,-3.48,-1.51,1.96,0.12↘,0.15↘,0.16↘,78.1,0.51,0.23,2.05,1.39,0.04,0.46,0.46,1.39,0.04,2.05,0.12,20M07,20Q1,11低,1低,11高,連2減,-29.0,30.0,-34.0,-35,-22,-7.0,4.0,10.0,10,-8,-7.0,4.0,10.0,10,-8,18,16,-4,-16,-22,-28.7,10.2,-9,13.2,-4,12.4,-1,13.2,0,0.0,0,0.0,-0.0014,-0.0017,-0.0025,-0.0042,-0.0065,-0.0131,0.0,0.0,0.0,0.0,0.0,0.0,-0.0014,-0.0017,-0.0025,-0.0042,-0.0065,-0.0131,-32,-39,-59,-98,-153,-306,-0.0977,-0.111,-0.12,-0.111,-0.0555,0,0,0,0,0,0,0.0,0.0,0.0,0.0,0.0,0.0,-0.0977,-39,-59,-98,-153,0.0,23.8,20W32,-0.01,0.17,0.0,0,0,0,0.16,-0.34,-3.33,3.51,20M08,-0.01,0.17,0.0,0,0,0,37.0,-79.0,-780.0,820.0,0.0,0.0,40.86↘,41.32↘,43.82↘,44.01↗,38.68↗,29.35↗,1.4,0.75,0.7,0.59,1.07,328,163↗,138↘,248↗,-0.0896,-0.0998,-0.151,-0.155,-0.0383
6171,-2.63,7.54,18.1,7.54,25.0,18.3,26.0,34.0,19.1,55.0,74.2,36.8,20M07,20Q1,0.0,,-76.4,0.0,50.0,-99.7,17.3,-3.8,-3.8,379.0,-38.4,-38.4,298.0,-32.6,-32.6,0.39,-1.97,-1.97,36.4,-133.0,-133.0,1.0,1,1,1,0.0,0.31,21.9,-19.6,-16.5,-0.48,-0.07,21.9,-19.6,-16.5,-0.48,-0.07,-0.68,-0.05,-0.14,-0.87,-0.73,0→,0↘,0.06↗,-2.89,0.31,-0.5,10.6,15.0,,-0.54,-0.54,15.0,,10.6,-5.01,20M07,20Q1,45低,5低,2低,,18.0,-15.0,-14.0,-7,-12,6.0,-4.0,-4.0,-2,-4,6.0,-4.0,-4.0,-2,-4,-21,-8,-29,-12,-11,-2.63,10.1,-2,4.29,-5,3.12,-5,1.51,0,0.0,0,0.0,0.0,-0.0001,-0.0001,-0.0001,-0.0002,-0.0007,0.0,0.0,0.0,0.0,0.0,0.0,0.0,-0.0001,-0.0001,-0.0001,-0.0002,-0.0007,-2,-4,-4,-7,-18,-54,-0.0769,-0.0429,-0.0496,-0.0397,-0.0381,0,0,0,0,0,0,0.0,0.0,0.0,0.0,0.0,0.0,-0.0769,-4,-4,-7,-18,0.0,45.6,20W32,-0.06,0.0,0.0,-1,0,0,-0.04,-0.02,0.0,0.0,20M08,-0.06,0.0,0.0,-1,0,0,-29.0,-13.0,0.0,0.0,0.0,0.0,23.75↗,23.69↗,23.85↘,23.08↗,20.92↗,20.79↗,0.03,0.07,0.06,0.07,0.1,26,48.6↘,55.5↘,78.7↘,0.0126,0.0152,0.0083,0.0419,0.149
6199,-7.14,6.18,7.23,6.18,27.4,3.8,58.8,79.9,42.8,55.1,69.1,44.0,20M07,20Q1,198.0,50.5,30.8,56.0,21.5,-26.4,-6.79,-1.8,-1.8,-58.8,35.2,35.2,-78.8,12.5,12.5,-2.83,0.01,0.01,-121.0,0.0,0.0,,-1,-1,-1,0.04,0.23,80.6,-6.67,-27.8,-0.47,-0.06,80.6,-6.67,-27.8,-0.47,-0.06,0.04,0.0,-0.01,0.03,0.04,0.02↗,0.03↘,0.05↗,76.0,0.12,0.02,7.16,0.54,,0.02,0.02,0.54,,7.16,-0.1,20M07,20Q1,59低,6低,4低,3減→增,16.0,-32.0,-21.0,-31,-33,5.0,9.0,-6.0,-9,10,5.0,9.0,-6.0,-9,10,33,24,-21,36,28,-7.14,-1.27,0,0.0,0,0.0,0,0.0,0,0.0,0,0.0,0.0,0.0,0.0,0.0,0.0,0.0,0.0,0.0,0.0,0.0,0.0,0.0,0.0,0.0,0.0,0.0,0.0,0.0,0,0,0,0,0,0,0.0,,,,,0,0,0,0,0,0,0.0,,,,,,0.0,0,0,0,0,0.0,61.4,20W32,0.0,0.0,0.0,0,0,0,0.0,0.0,0.0,0.0,20M08,0.0,0.0,0.0,0,0,0,0.0,0.0,0.0,0.0,0.0,0.0,11.74↘,11.72→,11.9↘,11.87↘,12.18↘,13.18↘,0.0,0.01,0.01,0.01,0.01,1,5.16↗,3.73↘,3.97↘,-0.0034,-0.0017,-0.017,-0.0141,-0.0396
6225,6.38,12.7,5.72,12.7,22.8,15.9,-12.2,-18.7,-7.75,-25.1,-42.0,-15.2,20M07,20Q1,3.14,197.0,68.8,6.2,76.1,111.0,-28.1,11.1,11.1,-81.5,13.3,13.3,-64.7,14.6,14.6,17.5,65.2,65.2,33.3,50.0,50.0,,-1,-1,1,0.03,0.11,13.1,-148.0,-150.0,-20.1,-0.02,13.1,-148.0,-150.0,-20.1,-0.02,-0.04,0.0,0.1,0.06,-0.04,0.03↗,0.02↗,0.01↗,1.02,0.02,-0.06,0.2,0.05,,-0.06,-0.06,0.05,,0.2,-0.14,20M07,20Q1,56低,5低,4低,連3增,36.0,-15.0,-13.0,26,-30,-10.0,-4.0,-4.0,8,-7,-10.0,-4.0,-4.0,8,-7,-37,-35,21,19,-26,6.38,60.7,0,0.0,0,0.0,0,0.0,0,0.0,0,0.0,0.0,0.0,0.0,0.0,0.0,0.0,0.0,0.0,0.0,0.0,0.0,0.0,0.0,0.0,0.0,0.0,0.0,0.0,0,0,0,0,0,-3,0.0,,,,-0.113,0,0,0,0,0,0,0.0,,,,,0.0,0.0,0,0,0,0,-21905.0,3.93,20W32,0.23,0.01,0.01,1,0,0,0.22,0.0,0.0,0.0,20M08,0.23,0.01,0.01,1,0,0,281.0,2.0,0.0,0.0,0.0,0.01,4.64↘,4.76↗,4.48↘,3.51↗,2.91↗,2.68↗,0.01,0.01,0.01,0.05,0.06,7,13.5↘,63↘,69.6↘,-0.0293,-0.054,0.0054,0.281,0.546
6226,-9.12,11.5,9.05,11.5,32.9,11.8,28.8,36.4,23.0,16.1,19.5,13.0,20M07,20Q2,22.5,-8.1,-24.6,3.53,7.64,-5.25,12.3,5.78,3.61,13.3,-1.08,-3.56,5.46,-9.85,-9.84,0.51,-1.98,-3.22,57.1,-146.0,-254.0,1.0,2,1,1,0.69,4.43,39.5,3.48,-4.52,-0.73,-0.06,34.0,-2.44,-6.94,-2.0,-0.2,0.1,-1.15,2.22,1.05,-1.05,0.67↘,0.64↗,0.73↘,221.0,2.07,0.12,12.4,7.23,4.74,-1.26,-0.92,7.23,4.74,12.4,-0.63,20M07,20Q2,97高,9高,11高,3減→增,2.0,37.0,-18.0,-24,-22,2.0,-8.0,-5.0,-6,-6,2.0,-5.0,-5.0,-6,-6,38,-6,2,4,2,-9.12,-11.5,-1,31.8,-3,10.9,-1,7.46,0,0.0,0,0.0,-0.0007,-0.0005,-0.0009,-0.0009,-0.0037,0.0019,0.0,0.0,0.0,0.0,0.0,0.0,-0.0007,-0.0006,-0.001,-0.001,-0.0038,0.0016,-77,-61,-104,-108,-425,214,-0.318,-0.115,-0.0666,-0.0791,0.0118,0,0,0,0,0,0,0.0,0.0,0.0,0.0,0.0,0.0,-0.326,-68,-111,-115,-434,872.2,12.6,20W32,0.18,0.71,-0.03,1,1,0,0.35,-0.88,0.04,0.7,20M08,0.18,0.71,-0.03,1,1,0,404.1,-1006.0,46.0,805.0,0.0,0.0,7.86↘,7.91↗,8.15↘,8.26↘,7.74↗,7.8↗,0.21,0.26,0.28,0.47,0.71,242,324↘,537↘,817↘,0.0013,-0.0049,-0.0349,-0.0472,0.0163
6233,5.63,7.96,12.7,7.96,22.7,17.5,-20.0,-28.0,-13.8,-30.0,-45.5,-18.7,20M07,20Q2,-17.7,-10.5,-4.26,-8.89,-6.48,-4.13,1.07,1.82,1.68,16.6,1.73,0.23,12.5,-0.8,-0.49,1.22,-0.12,-0.11,217.0,-12.5,-50.0,,1,1,1,0.28,2.05,50.5,3.77,5.87,0.65,0.07,50.1,-3.54,0.36,0.07,0.01,-0.12,-0.01,-0.3,-0.43,-0.13,0.31↘,0.3↗,0.3↘,35.8,0.99,-0.1,8.93,0.7,,-0.11,-0.2,0.7,,8.93,-0.01,20M07,20Q2,26低,3低,2低,,28.0,24.0,27.0,30,29,8.0,7.0,9.0,9,9,9.0,9.0,10.0,10,10,-19,13,-12,-9,-21,5.63,43.0,-1,7.32,-5,1.36,-3,0.99,0,0.0,0,0.0,-0.0021,-0.001,-0.003,-0.0071,-0.0025,-0.0206,0.0,0.0,0.0,0.0,0.0,0.0,-0.0021,-0.001,-0.003,-0.0071,-0.0025,-0.0207,-164,-78,-242,-568,-196,-1642,-0.0732,-0.0234,-0.0247,-0.0032,-0.0136,0,0,0,0,0,0,0.0,0.0,0.0,0.0,0.0,0.0,-0.0732,-78,-242,-568,-198,-1027.0,8.94,20W32,0.83,0.34,0.15,0,0,0,-0.13,0.62,1.25,-1.06,20M08,0.83,0.34,0.15,0,0,0,-107.0,495.0,999.0,-846.0,0.0,0.04,16.45↘,16.18↗,15.39↗,13.18↗,11.59↗,12.39↗,2.82,4.32,5.78,7.73,6.78,2241,4600↘,6193↘,5575↘,-0.0304,-0.0145,0.0362,0.21,0.376
6289,13.1,10.5,2.17,10.5,21.9,17.0,-2.36,-3.76,-1.47,-2.34,-3.66,-1.28,20M07,20Q1,10.5,-34.6,-39.9,6.34,6.49,-11.9,17.7,-10.3,-10.3,-1.92,-1.87,-1.87,66.3,31.4,31.4,-65.1,-144.0,-144.0,63.0,-30.8,-30.8,,-2,1,-3,0.06,0.41,-122.0,-179.0,-82.0,-171.0,-0.17,-122.0,-179.0,-82.0,-171.0,-0.17,0.04,0.17,-0.14,0.07,0.21,0.06↗,0.06↗,0.07↘,-118.0,0.17,0.03,0.01,2.24,,0.17,0.17,2.24,,0.01,0.04,20M07,20Q1,9低,1低,1低,,-10.0,-7.0,-26.0,-34,-1,-2.0,-2.0,-6.0,-8,-1,-2.0,-2.0,-6.0,-8,-1,-36,19,37,22,-9,13.1,21.1,0,0.0,0,0.0,0,0.0,0,0.0,0,0.0,0.0,0.0,0.0,0.0,0.0,0.0,0.0,0.0,0.0,0.0,0.0,0.0,0.0,0.0,0.0,0.0,0.0,0.0,0,0,0,0,0,-3,0.0,,,,-0.0105,0,0,0,0,0,0,0.0,,,,,0.0,0.0,0,0,0,0,0.0,8.7,20W32,-0.02,-0.03,0.88,0,0,1,0.0,0.0,-0.91,0.0,20M08,-0.02,-0.03,0.88,0,0,1,3.0,4.0,-734.0,0.0,0.0,0.0,2.13↗,2.11↘,2.15↗,1.92↗,1.73↗,1.21↗,0.01,0.02,0.02,0.08,0.21,11,26↘,78↘,184↘,-0.03,-0.018,-0.0351,0.0753,0.198
8027,4.45,8.15,44.0,8.15,25.8,5.2,-45.7,-64.0,-29.8,-103.0,-145.0,-71.6,20M07,20Q1,-5.11,87.3,22.4,-3.55,31.7,52.5,5.39,-0.61,-0.61,12.0,8.59,8.59,14.2,5.94,5.94,4.18,1.31,1.31,74.1,54.3,54.3,-1.0,1,1,1,2.12,10.9,22.4,-6.55,-5.74,-1.69,-0.21,22.4,-6.55,-5.74,-1.69,-0.21,-1.19,-0.45,0.97,-0.71,-1.65,2.2↗,1.61↗,1.39↗,-6.34,3.24,-0.95,11.0,6.03,4.79,-1.32,-1.32,6.03,4.79,11.0,1.73,20M07,20Q1,9高,1高,2高,連2減,-7.0,-7.0,-8.0,-14,-14,-2.0,-3.0,-3.0,3,3,-2.0,-3.0,-3.0,3,3,-5,-6,6,-6,8,4.45,64.4,-1,14.4,-1,3.5,1,0.5,0,0.0,0,0.0,-0.0016,-0.0008,-0.0002,-0.0004,0.0014,-0.0088,0.0,0.0,0.0,0.0,0.0,0.0,-0.0017,-0.0009,-0.0008,-0.0005,0.0016,-0.0086,-133,-64,-13,-31,115,-713,-0.144,-0.0032,-0.0027,0.0073,-0.0164,0,0,0,0,0,0,0.0,0.0,0.0,0.0,0.0,0.0,-0.154,-76,-62,-39,129,704.6,9.77,20W32,1.84,0.77,1.15,6,0,1,0.95,0.11,0.66,-1.04,20M08,1.84,0.77,1.15,6,0,1,777.6,93.51,536.0,-844.0,0.0,0.0,56.16↘,54.72↗,54.6↗,46.99↗,37.71↗,34.95↗,1.14,1.65,2.83,1.93,2.43,925,2305↗,1574↘,2018↘,-0.0385,-0.0132,-0.0109,0.149,0.432
8034,-7.11,6.29,14.4,6.29,28.3,16.3,18.9,32.8,12.8,11.9,22.6,8.09,20M07,20Q2,-29.7,55.1,26.2,-16.4,-4.46,-50.6,14.8,-9.91,2.88,32.2,34.2,11.6,33.1,36.8,13.5,3.45,3.11,2.56,233.0,300.0,126.0,1.0,1,1,1,0.18,1.49,41.8,14.1,18.0,1.98,0.2,34.8,-0.92,2.44,0.5,0.05,-0.64,0.31,-0.03,-0.36,-0.33,0.22↘,0.19↘,0.37↗,21.5,0.69,-0.4,6.29,0.88,,-0.2,-0.16,0.88,,6.29,0.61,20M07,20Q2,85低,10高,9高,,29.0,11.0,9.0,20,20,8.0,4.0,3.0,6,6,-7.0,7.0,8.0,8,8,-5,9,-21,-18,-20,-7.11,-21.2,-2,7.5,-2,2.37,-3,2.12,0,0.0,0,0.0,-0.0011,-0.0014,-0.0009,-0.0019,0.0001,-0.014,0.0,0.0,0.0,0.0,0.0,0.0,-0.0011,-0.0014,-0.0009,-0.0019,0.0001,-0.0142,-70,-87,-57,-120,9,-878,-0.118,-0.0376,-0.0335,0.0011,-0.0342,0,0,0,0,0,0,0.0,0.0,0.0,0.0,0.0,0.0,-0.12,-88,-58,-121,7,-76.0,10.3,20W32,0.8,0.35,0.0,1,0,0,-0.06,0.51,-1.23,1.58,20M08,0.8,0.35,0.0,1,0,0,-37.0,321.0,-771.0,993.0,0.0,0.03,23.56↗,23.26↗,23.44↘,26.09↘,22.66↗,17.59↗,0.94,0.8,1.14,1.25,1.85,594,716↗,786↘,1109↘,-0.0301,-0.0174,-0.0252,-0.124,0.0083
8040,-7.98,6.72,10.1,6.72,23.1,13.3,-82.7,-137.0,-57.6,40.6,73.6,25.3,20M07,20Q1,55.5,-17.4,-13.6,22.3,0.82,-10.1,-1.76,1.84,1.84,-8.92,8.08,8.08,-50.9,-78.2,-78.2,-13.2,-21.1,-21.1,-367.0,-567.0,-567.0,1.0,-2,-2,-2,0.68,4.5,31.0,-3.35,-60.2,-16.4,-1.82,31.0,-3.35,-60.2,-16.4,-1.82,-0.56,-0.02,0.45,-0.13,-0.58,0.56↘,0.68↗,0.76↘,94.4,2.03,-0.38,6.82,3.12,,-0.39,-0.39,3.12,,6.82,0.54,20M07,20Q1,89低,8低,7低,3減→增,-22.0,-30.0,-2.0,-3,-2,-7.0,8.0,-1.0,-1,-1,-7.0,8.0,-1.0,-1,-1,-11,20,7,-30,-25,-7.98,-11.2,-2,8.76,-3,2.81,-3,0.88,0,0.0,0,0.0,-0.0013,-0.0021,-0.0021,-0.0018,-0.0006,-0.0083,0.0,0.0,0.0,0.0,0.0,0.0,-0.0013,-0.0021,-0.0021,-0.0018,-0.0006,-0.0083,-90,-143,-142,-119,-41,-560,-0.0794,-0.0682,-0.0373,-0.0051,-0.0304,0,0,0,0,0,0,0.0,0.0,0.0,0.0,0.0,0.0,-0.0794,-143,-142,-119,-41,0.0,9.21,20W32,0.18,0.03,0.0,2,0,0,0.22,-0.07,0.03,0.0,20M08,0.18,0.03,0.0,2,0,0,149.0,-48.22,19.0,0.0,0.0,0.21,15.03↘,15.07↗,15.34↘,16.09↘,16.66↘,17.39↗,1.69,1.03,0.95,1.19,1.25,1134,639↗,798↘,835↗,-0.002,-0.0043,-0.0222,-0.0679,-0.0995
8087,-1.0,2.91,2.01,2.91,23.0,16.5,-88.6,-116.0,-72.8,-84.0,-99.0,-68.4,20M07,20Q1,82.5,-23.8,-26.5,46.9,53.5,26.6,-2.19,3.46,3.46,-6.83,-0.16,-0.16,-28.5,-46.7,-46.7,-1.82,-3.12,-3.12,-567.0,-300.0,-300.0,,-2,-2,-2,0.07,0.36,16.3,-19.7,-32.5,-2.08,-0.2,16.3,-19.7,-32.5,-2.08,-0.2,0.64,0.0,0.65,1.29,0.64,0.05↗,0.05↘,0.06↘,39.1,0.18,0.18,2.72,0.25,0.4,0.18,0.18,0.25,0.4,2.72,0.14,20M07,20Q1,18低,1低,1低,連3增,-30.0,-4.0,-3.0,-10,-9,10.0,-1.0,-1.0,-1,-1,10.0,-1.0,-1.0,-1,-1,33,22,9,5,-25,-1.0,8.45,0,0.0,0,0.0,2,1.49,0,0.0,0,0.0,0.0,0.0,0.0,0.0,0.0,-0.0001,0.0,0.0,0.0,0.0,0.0,0.0,0.0,0.0,0.0,0.0,0.0,-0.0002,0,0,0,1,1,-4,0.0,,0.0387,0.0387,-0.0657,0,0,0,0,0,0,0.0,,,0.0,0.0,0.0,0.0,0,0,1,1,0.0,32.7,20W32,0.06,1.41,0.0,-1,0,0,0.0,-1.35,-1.68,3.08,20M08,0.06,1.41,0.0,-1,0,0,0.0,-392.0,-487.0,896.0,0.0,0.0,6.96↘,6.97↗,6.99↘,6.51↗,6.38↘,6.96↘,0.0,0.01,0.02,0.02,0.04,0,7.16↘,5.09↘,9.42↘,-0.0037,-0.0062,-0.009,0.0645,0.0866
8088,-9.19,6.09,15.7,6.09,26.5,16.5,16.9,23.3,11.7,19.1,26.0,12.2,20M07,20Q1,15.0,3.4,13.3,17.6,8.83,16.1,-0.78,1.81,1.81,0.63,2.2,2.2,4.97,1.3,1.3,3.28,0.89,0.89,156.0,35.3,35.3,2.0,1,1,1,1.63,10.5,17.4,11.6,10.6,5.5,0.92,17.4,11.6,10.6,5.5,0.92,1.49,-0.27,-1.37,-0.14,1.22,1.39↗,1.5↗,1.4↗,12.8,5.26,0.91,10.4,2.85,0.21,0.74,0.74,2.85,0.21,10.4,1.93,20M07,20Q1,71低,5低,5低,連3增,3.0,3.0,4.0,9,11,1.0,2.0,2.0,3,4,1.0,2.0,2.0,3,4,20,-30,-15,-32,3,-9.19,-9.98,-4,16.0,-6,14.1,-2,10.3,0,0.0,0,0.0,-0.0033,-0.0051,-0.0055,-0.006,-0.0096,-0.0574,0.0,0.0,0.0,0.0,0.0,0.0,-0.0033,-0.0051,-0.0055,-0.006,-0.0096,-0.0574,-200,-310,-335,-364,-584,-3494,-0.204,-0.173,-0.12,-0.118,-0.186,0,0,0,0,0,0,0.0,0.0,0.0,0.0,0.0,0.0,-0.204,-310,-335,-364,-584,-697.9,23.0,20W32,0.55,-0.22,-0.08,3,0,0,0.29,0.48,-0.13,0.0,20M08,0.55,-0.22,-0.08,3,0,0,175.0,293.0,-81.0,0.0,0.0,0.0,26.53↘,26.52↗,26.85↘,28.62↘,28.34↘,26.74↗,1.61,1.06,0.99,0.81,1.4,982,606↗,496↘,822↘,-0.0313,-0.0309,-0.043,-0.102,-0.0933
8092,19.1,3.89,4.51,3.89,36.2,16.5,-15.4,-20.6,-12.1,-18.0,-25.8,-13.5,20M07,20Q1,-42.8,-29.5,-23.1,-17.1,-35.3,-31.6,-2.68,-8.38,-8.38,-0.94,-10.1,-10.1,0.17,-11.1,-11.1,-0.12,-2.38,-2.38,0.0,-237.0,-237.0,,-1,2,-1,0.16,1.61,9.89,-12.0,-14.3,-3.28,-0.27,9.89,-12.0,-14.3,-3.28,-0.27,-0.25,-0.01,0.2,-0.07,-0.26,0.19↘,0.24↗,0.23↘,16.0,0.74,-0.1,3.19,3.71,0.95,-0.1,-0.1,3.71,0.95,3.19,-0.32,20M07,20Q1,12低,1低,2低,,-11.0,-7.0,-7.0,-7,-6,-3.0,-2.0,-2.0,-2,-1,-3.0,-2.0,-2.0,-2,-1,-17,11,24,-31,-10,19.1,50.6,-1,6.34,1,1.13,-1,0.7,0,0.0,0,0.0,-0.0012,0.0005,0.0003,-0.001,0.0001,0.0014,0.0,0.0,0.0,0.0,0.0,0.0,-0.0012,0.0005,0.0003,-0.0006,0.0005,0.0019,-47,21,13,-37,3,56,-0.0634,0.0057,-0.0085,0.0003,0.0038,0,0,0,0,0,0,0.0,0.0,0.0,0.0,0.0,0.0,-0.0634,21,13,-22,19,0.0,28.7,20W32,-3.56,-0.26,-0.22,-6,0,0,-1.62,-1.69,-0.03,0.0,20M08,-3.56,-0.26,-0.22,-6,0,0,-629.0,-656.0,-13.0,0.0,0.0,0.0,11.89↘,11.38↗,10.98↗,9.22↗,8.18↗,8.08↗,1.91,1.95,2.23,2.42,1.72,741,866↘,940↗,667↘,-0.0244,0.0192,0.0563,0.258,0.418
8101,-2.07,20.8,7.87,20.8,21.0,16.1,-2.19,-3.48,-1.57,-2.08,-3.8,-1.47,20M07,20Q1,23.5,-12.1,-3.4,14.9,24.0,17.2,6.38,-4.65,-4.65,-3.91,-8.39,-8.39,-24.5,-9.26,-9.26,-12.2,-2.44,-2.44,-738.0,-15.9,-15.9,,-2,-2,-2,2.35,13.1,6.9,-25.0,-22.9,-10.8,-0.51,6.9,-25.0,-22.9,-10.8,-0.51,0.75,-0.04,-0.26,0.43,0.71,2.04↗,1.89↗,2↘,-9.16,4.73,1.58,9.43,14.4,1.23,1.49,1.49,14.4,1.23,9.43,2.67,20M07,20Q1,13低,1低,1低,連2增,32.0,-2.0,-1.0,-14,-9,8.0,-1.0,-1.0,-4,-1,8.0,-1.0,-1.0,-3,-1,28,22,-33,31,-7,-2.07,-21.9,0,0.0,0,0.0,0,0.0,0,0.0,0,0.0,0.0,0.0,0.0,0.0,0.0,-0.0002,0.0,0.0,0.0,0.0,0.0,0.0,0.0,0.0,0.0,0.0,0.0,-0.0002,0,0,0,0,0,-44,0.0,,,,-0.0293,0,0,0,0,0,0,0.0,,,,,0.0,0.0,0,0,0,0,0.0,43.7,20W32,0.08,-0.09,-0.08,2,0,0,0.15,0.02,-0.01,0.0,20M08,0.08,-0.09,-0.08,2,0,0,314.0,33.0,-18.0,0.0,0.0,0.0,3.8↘,3.81↗,3.83↘,3.97↘,4.41↘,4.11↗,0.12,0.14,0.13,0.11,0.1,254,272↗,236↗,218↗,-0.0042,-0.0071,-0.0142,-0.0479,-0.144
8121,-1.79,18.3,20.0,18.3,28.9,15.5,-11.1,-17.0,-7.93,-50.4,-67.8,-37.2,20M07,20Q1,-0.39,-1.35,2.01,-1.58,0.04,-1.54,0.89,2.43,2.43,9.26,4.12,4.12,11.4,7.52,7.52,3.3,1.89,1.89,91.2,85.0,85.0,,1,1,1,1.77,12.4,16.1,-1.39,-1.7,-0.48,-0.03,16.1,-1.39,-1.7,-0.48,-0.03,0.12,0.02,0.17,0.16,0.14,1.8↘,1.77↘,1.8↘,-32.9,5.13,0.2,17.9,10.4,4.6,0.24,0.24,10.4,4.6,17.9,0.06,20M07,20Q1,87高,9高,7高,連4減,-31.0,-32.0,-33.0,-29,-29,8.0,9.0,8.0,9,9,8.0,9.0,8.0,9,9,-21,10,30,32,18,-1.79,0.0,1,4.49,-1,0.53,3,0.19,0,0.0,0,0.0,0.0002,-0.0001,0.0002,0.0001,0.0002,0.0002,0.0,0.0,0.0,0.0,0.0,0.0,0.0002,-0.0001,0.0002,0.0001,0.0002,0.0002,36,-12,34,25,36,37,0.0449,0.0067,0.0043,0.0052,0.0039,0,0,0,0,0,0,0.0,0.0,0.0,0.0,0.0,0.0,0.0449,-12,34,25,36,10502.0,32.6,20W32,-0.12,0.01,0.0,-2,0,0,-0.15,0.02,0.01,0.0,20M08,-0.12,0.01,0.0,-2,0,0,-277.0,34.0,19.0,0.0,0.0,0.0,11.25↘,10.9↗,10.86↘,10.67↗,10.27↗,11.24↘,0.44,0.93,0.64,0.38,0.24,802,1164↗,695↗,441↗,-0.0267,0.005,0.0086,0.0266,0.0661
8291,-4.93,7.6,2.05,7.6,22.7,8.7,-6.51,-8.83,-4.55,-6.79,-9.59,-4.74,20M07,20Q1,1.65,-71.5,-39.7,-4.84,-42.1,-58.5,7.03,2.39,2.39,6.88,2.73,2.73,26.4,2.53,2.53,12.1,-0.73,-0.73,70.6,16.7,16.7,,1,1,1,0.11,1.37,-1.78,-12.8,-13.4,-5.86,-0.15,-1.78,-12.8,-13.4,-5.86,-0.15,0.56,0.13,-0.33,0.36,0.69,0.11↘,0.18↘,0.26↘,4.91,0.84,0.42,1.86,2.15,0.86,0.52,0.52,2.15,0.86,1.86,0.03,20M07,20Q1,2低,1低,1低,4減→增,-13.0,-17.0,-15.0,16,-7,-3.0,-5.0,-3.0,6,-1,-3.0,-5.0,-3.0,6,-1,7,4,-11,11,-6,-4.93,-16.4,0,0.0,0,0.0,0,0.0,0,0.0,0,0.0,0.0,0.0,0.0,0.0,0.0,0.0,0.0,0.0,0.0,0.0,0.0,0.0,0.0,0.0,0.0,0.0,0.0,0.0,0,0,0,0,0,0,0.0,,,,,0,0,0,0,0,0,0.0,,,,,,0.0,0,0,0,0,0.0,62.0,20W32,-0.01,-0.02,-0.01,0,0,0,0.0,0.01,-0.01,0.0,20M08,-0.01,-0.02,-0.01,0,0,0,0.0,8.0,-9.0,0.0,0.0,2.82,2.86↘,2.9↘,2.89↘,3↘,3.02↘,3.39↘,0.04,0.03,0.02,0.01,0.02,33,17↗,10.8↗,15↗,-0.0566,-0.0702,-0.0653,-0.0996,-0.105
8937,-4.8,7.25,11.5,7.25,44.8,17.8,-243.0,-295.0,-205.0,-134.0,-159.0,-115.0,20M07,20Q1,32.0,-11.5,-23.0,13.4,4.58,14.1,-5.97,-10.6,-10.6,-8.36,-19.7,-19.7,15.8,-12.0,-12.0,1.19,-1.19,-1.19,72.2,-162.0,-162.0,2.0,-1,2,2,0.24,1.59,5.6,-18.0,-5.56,-0.47,-0.05,5.6,-18.0,-5.56,-0.47,-0.05,-0.31,2.7,0.0,2.39,2.39,0.21↘,0.23↗,0.21↘,-154.0,0.64,-0.22,7.59,0.81,,1.7,1.7,0.81,,7.59,1.14,20M07,20Q1,51低,1低,1低,2減→增,-11.0,-4.0,-18.0,-21,-20,-2.0,-1.0,-5.0,-5,-5,-2.0,-1.0,-5.0,-5,-5,-7,1,-29,4,19,-4.8,9.31,-1,1.2,-2,0.79,-1,0.79,0,0.0,0,0.0,0.0,0.0,0.0,-0.0001,0.0,0.0,0.0,0.0,0.0,0.0,0.0,0.0,0.0,0.0,0.0,-0.0001,0.0,0.0,-1,-1,-1,-5,2,1,-0.012,-0.012,-0.0228,0.0035,0.0004,0,0,0,0,0,0,0.0,0.0,0.0,0.0,0.0,0.0,-0.012,-1,-1,-5,2,366.1,10.9,20W32,-0.05,0.52,-0.04,1,2,1,0.32,-0.88,0.55,0.0,20M08,-0.05,0.52,-0.04,1,2,1,232.0,-641.0,401.0,0.0,0.0,0.01,15.93↘,15.89↗,15.95↘,15.03↗,14.33↗,14.54↗,0.11,0.11,0.1,0.15,0.24,83,74.6↘,111↗,137↘,-0.005,-0.0025,-0.0066,0.0545,0.106
9935,6.49,17.0,54.3,17.0,43.4,19.9,21.1,34.6,12.9,19.3,30.7,11.6,20M07,20Q1,22.8,50.4,-4.52,19.6,57.5,54.4,0.85,-4.46,-4.46,-4.93,-8.18,-8.18,-0.98,-4.51,-4.51,-0.98,-2.82,-2.82,-73.3,-88.2,-88.2,2.0,-3,-3,-3,7.11,30.3,15.5,-0.64,0.74,0.34,0.04,15.5,-0.64,0.74,0.34,0.04,-1.1,-0.93,2.38,0.11,-2.04,5.94↗,4.51↗,4.6↗,186.0,9.01,-1.85,19.6,13.4,22.9,-3.42,-3.42,13.4,22.9,19.6,-3.51,20M07,20Q1,1高,1高,2高,連3增,36.0,-16.0,-26.0,-27,-27,11.0,-5.0,-6.0,-5,-6,11.0,-5.0,-6.0,-5,-6,-6,-11,3,31,4,6.49,12.3,-3,23.2,-2,3.6,-1,3.6,0,0.0,0,0.0,0.0,-0.0009,-0.0074,-0.0049,0.0014,0.0029,0.0,0.0,0.0,0.0,0.0,0.0,0.0,-0.0009,-0.0074,-0.0049,0.0014,0.0028,-8,-151,-1256,-827,235,486,-0.0125,-0.232,-0.0823,0.0167,0.0218,0,0,0,0,0,0,0.0,0.0,0.0,0.0,0.0,0.0,-0.0094,-149,-1254,-825,235,0.0,12.5,20W32,0.88,-0.14,0.04,6,-1,0,0.25,0.77,-0.69,0.5,20M08,0.88,-0.14,0.04,6,-1,0,425.0,1303.0,-1165.0,847.0,0.0,0.52,32.54↗,31.6↗,30.8↗,30.87↗,29.45↘,33.98↗,0.38,1.07,1.18,0.83,0.6,638,2009↘,1405↗,1034↗,-0.0166,0.0125,0.0391,0.0366,0.0866
